idna_subject,checker_type,destination,source,tested_at,session_id
0-0-0-0-0-0proxy.tserv.se,AVAILABILITY,origin.list,origin.list,2022-03-26 05:06:25.686459,70dda94daee06d1aff4b5ffb
0-0-0.6te.net,AVAILABILITY,origin.list,origin.list,2022-03-26 05:06:25.863906,70dda94daee06d1aff4b5ffb
000aproxy.on-4.com,AVAILABILITY,origin.list,origin.list,2022-03-26 05:06:25.962484,70dda94daee06d1aff4b5ffb
0002yr2.wcomhost.com,AVAILABILITY,origin.list,origin.list,2022-03-26 05:06:26.131371,70dda94daee06d1aff4b5ffb
0001proxy.notlong.com,AVAILABILITY,origin.list,origin.list,2022-03-26 05:06:26.151468,70dda94daee06d1aff4b5ffb
000.ueuo.com,AVAILABILITY,origin.list,origin.list,2022-03-26 05:06:26.611279,70dda94daee06d1aff4b5ffb
001proxy.com,AVAILABILITY,origin.list,origin.list,2022-03-26 05:06:27.091164,70dda94daee06d1aff4b5ffb
005.free-counter.co.uk,AVAILABILITY,origin.list,origin.list,2022-03-26 05:06:27.169802,70dda94daee06d1aff4b5ffb
000webhost.info,AVAILABILITY,origin.list,origin.list,2022-03-26 05:06:27.312877,70dda94daee06d1aff4b5ffb
006.free-counter.co.uk,AVAILABILITY,origin.list,origin.list,2022-03-26 05:06:27.349463,70dda94daee06d1aff4b5ffb
001y.com,AVAILABILITY,origin.list,origin.list,2022-03-26 05:06:27.453931,70dda94daee06d1aff4b5ffb
007.free-counter.co.uk,AVAILABILITY,origin.list,origin.list,2022-03-26 05:06:27.866099,70dda94daee06d1aff4b5ffb
008.free-counters.co.uk,AVAILABILITY,origin.list,origin.list,2022-03-26 05:06:28.455672,70dda94daee06d1aff4b5ffb
008.free-counter.co.uk,AVAILABILITY,origin.list,origin.list,2022-03-26 05:06:28.465422,70dda94daee06d1aff4b5ffb
00hidemyprivacy.ws,AVAILABILITY,origin.list,origin.list,2022-03-26 05:06:29.497457,70dda94daee06d1aff4b5ffb
007guard.com,AVAILABILITY,origin.list,origin.list,2022-03-26 05:06:29.583106,70dda94daee06d1aff4b5ffb
00hq.com,AVAILABILITY,origin.list,origin.list,2022-03-26 05:06:30.546978,70dda94daee06d1aff4b5ffb
00o.info,AVAILABILITY,origin.list,origin.list,2022-03-26 05:06:30.636928,70dda94daee06d1aff4b5ffb
007sites.com,AVAILABILITY,origin.list,origin.list,2022-03-26 05:06:30.714932,70dda94daee06d1aff4b5ffb
0141design.co.uk,AVAILABILITY,origin.list,origin.list,2022-03-26 05:06:32.017163,70dda94daee06d1aff4b5ffb
010402.com,AVAILABILITY,origin.list,origin.list,2022-03-26 05:06:32.045130,70dda94daee06d1aff4b5ffb
0190-dialer.com,AVAILABILITY,origin.list,origin.list,2022-03-26 05:06:32.755938,70dda94daee06d1aff4b5ffb
01domain.com,AVAILABILITY,origin.list,origin.list,2022-03-26 05:06:33.273081,70dda94daee06d1aff4b5ffb
01-edito-atf-laplacemedia-7.fr,AVAILABILITY,origin.list,origin.list,2022-03-26 05:06:33.405773,70dda94daee06d1aff4b5ffb
016.ru,AVAILABILITY,origin.list,origin.list,2022-03-26 05:06:33.692744,70dda94daee06d1aff4b5ffb
01.sharedsource.org,AVAILABILITY,origin.list,origin.list,2022-03-26 05:06:34.428347,70dda94daee06d1aff4b5ffb
01kao.com,AVAILABILITY,origin.list,origin.list,2022-03-26 05:06:34.952362,70dda94daee06d1aff4b5ffb
0-29.com,AVAILABILITY,origin.list,origin.list,2022-03-26 05:06:35.580656,70dda94daee06d1aff4b5ffb
0244.org,AVAILABILITY,origin.list,origin.list,2022-03-26 05:06:36.270828,70dda94daee06d1aff4b5ffb
02b7485.netsolhost.com,AVAILABILITY,origin.list,origin.list,2022-03-26 05:06:36.523623,70dda94daee06d1aff4b5ffb
032439.com,AVAILABILITY,origin.list,origin.list,2022-03-26 05:06:38.639328,70dda94daee06d1aff4b5ffb
00fun.casalemedia.com,AVAILABILITY,origin.list,origin.list,2022-03-26 05:06:38.748197,70dda94daee06d1aff4b5ffb
00fun.com,AVAILABILITY,origin.list,origin.list,2022-03-26 05:06:39.297928,70dda94daee06d1aff4b5ffb
039068a.dialer-select.com,AVAILABILITY,origin.list,origin.list,2022-03-26 05:06:39.939487,70dda94daee06d1aff4b5ffb
03629e3.netsolhost.com,AVAILABILITY,origin.list,origin.list,2022-03-26 05:06:40.097949,70dda94daee06d1aff4b5ffb
0338861.netsolhost.com,AVAILABILITY,origin.list,origin.list,2022-03-26 05:06:40.605064,70dda94daee06d1aff4b5ffb
03.sharedsource.org,AVAILABILITY,origin.list,origin.list,2022-03-26 05:06:40.926092,70dda94daee06d1aff4b5ffb
0446.org,AVAILABILITY,origin.list,origin.list,2022-03-26 05:06:41.908699,70dda94daee06d1aff4b5ffb
05168.com.tw,AVAILABILITY,origin.list,origin.list,2022-03-26 05:06:42.588796,70dda94daee06d1aff4b5ffb
05.sharedsource.org,AVAILABILITY,origin.list,origin.list,2022-03-26 05:06:43.531735,70dda94daee06d1aff4b5ffb
05916.com,AVAILABILITY,origin.list,origin.list,2022-03-26 05:06:43.852518,70dda94daee06d1aff4b5ffb
022.63.198.203.static.netvigator.com,AVAILABILITY,origin.list,origin.list,2022-03-26 05:06:45.173461,70dda94daee06d1aff4b5ffb
0339106262.co.jp,AVAILABILITY,origin.list,origin.list,2022-03-26 05:06:49.878055,70dda94daee06d1aff4b5ffb
059148221243.ctinets.com,AVAILABILITY,origin.list,origin.list,2022-03-26 05:06:52.221378,70dda94daee06d1aff4b5ffb
061093102220.ctinets.com,AVAILABILITY,origin.list,origin.list,2022-03-26 05:06:54.773000,70dda94daee06d1aff4b5ffb
061093161108.ctinets.com,AVAILABILITY,origin.list,origin.list,2022-03-26 05:06:55.107953,70dda94daee06d1aff4b5ffb
061093189230.ctinets.com,AVAILABILITY,origin.list,origin.list,2022-03-26 05:06:56.452449,70dda94daee06d1aff4b5ffb
061238134106.ctinets.com,AVAILABILITY,origin.list,origin.list,2022-03-26 05:06:58.479469,70dda94daee06d1aff4b5ffb
061093189242.ctinets.com,AVAILABILITY,origin.list,origin.list,2022-03-26 05:07:01.135935,70dda94daee06d1aff4b5ffb
061238002195.ctinets.com,AVAILABILITY,origin.list,origin.list,2022-03-26 05:07:03.481379,70dda94daee06d1aff4b5ffb
061238094095.ctinets.com,AVAILABILITY,origin.list,origin.list,2022-03-26 05:07:05.855750,70dda94daee06d1aff4b5ffb
061238122206.ctinets.com,AVAILABILITY,origin.list,origin.list,2022-03-26 05:07:06.384216,70dda94daee06d1aff4b5ffb
061238141039.ctinets.com,AVAILABILITY,origin.list,origin.list,2022-03-26 05:07:09.745936,70dda94daee06d1aff4b5ffb
06.sharedsource.org,AVAILABILITY,origin.list,origin.list,2022-03-26 05:07:10.728341,70dda94daee06d1aff4b5ffb
061244119170.ctinets.com,AVAILABILITY,origin.list,origin.list,2022-03-26 05:07:12.398714,70dda94daee06d1aff4b5ffb
061244120019.ctinets.com,AVAILABILITY,origin.list,origin.list,2022-03-26 05:07:14.731917,70dda94daee06d1aff4b5ffb
078088162029.elblag.vectranet.pl,AVAILABILITY,origin.list,origin.list,2022-03-26 05:07:16.911954,70dda94daee06d1aff4b5ffb
061244129074.ctinets.com,AVAILABILITY,origin.list,origin.list,2022-03-26 05:07:17.111508,70dda94daee06d1aff4b5ffb
061244144220.ctinets.com,AVAILABILITY,origin.list,origin.list,2022-03-26 05:07:17.601985,70dda94daee06d1aff4b5ffb
07176.com,AVAILABILITY,origin.list,origin.list,2022-03-26 05:07:21.761998,70dda94daee06d1aff4b5ffb
0794.info,AVAILABILITY,origin.list,origin.list,2022-03-26 05:07:22.726080,70dda94daee06d1aff4b5ffb
078088118251.dzierzoniow.vectranet.pl,AVAILABILITY,origin.list,origin.list,2022-03-26 05:07:23.564611,70dda94daee06d1aff4b5ffb
07.sharedsource.org,AVAILABILITY,origin.list,origin.list,2022-03-26 05:07:23.650358,70dda94daee06d1aff4b5ffb
082139042050.radom.vectranet.pl,AVAILABILITY,origin.list,origin.list,2022-03-26 05:07:25.159793,70dda94daee06d1aff4b5ffb
078088177231.elblag.vectranet.pl,AVAILABILITY,origin.list,origin.list,2022-03-26 05:07:28.089750,70dda94daee06d1aff4b5ffb
078088224123.kielce.vectranet.pl,AVAILABILITY,origin.list,origin.list,2022-03-26 05:07:28.301958,70dda94daee06d1aff4b5ffb
07.8c.d12c.cidr.airmail.net,AVAILABILITY,origin.list,origin.list,2022-03-26 05:07:28.373773,70dda94daee06d1aff4b5ffb
082139043218.radom.vectranet.pl,AVAILABILITY,origin.list,origin.list,2022-03-26 05:07:34.875261,70dda94daee06d1aff4b5ffb
088156009099.olsztyn.vectranet.pl,AVAILABILITY,origin.list,origin.list,2022-03-26 05:07:36.246858,70dda94daee06d1aff4b5ffb
088156034241.olsztyn.vectranet.pl,AVAILABILITY,origin.list,origin.list,2022-03-26 05:07:39.653968,70dda94daee06d1aff4b5ffb
088156011233.olsztyn.vectranet.pl,AVAILABILITY,origin.list,origin.list,2022-03-26 05:07:39.803891,70dda94daee06d1aff4b5ffb
088156039027.olsztyn.vectranet.pl,AVAILABILITY,origin.list,origin.list,2022-03-26 05:07:39.891760,70dda94daee06d1aff4b5ffb
088156057218.ostroda.vectranet.pl,AVAILABILITY,origin.list,origin.list,2022-03-26 05:07:41.734903,70dda94daee06d1aff4b5ffb
088156040066.olsztyn.vectranet.pl,AVAILABILITY,origin.list,origin.list,2022-03-26 05:07:46.283588,70dda94daee06d1aff4b5ffb
088156052081.olsztyn.vectranet.pl,AVAILABILITY,origin.list,origin.list,2022-03-26 05:07:47.647813,70dda94daee06d1aff4b5ffb
088156060096.nidzica.vectranet.pl,AVAILABILITY,origin.list,origin.list,2022-03-26 05:07:51.255447,70dda94daee06d1aff4b5ffb
088156069141.skarzysko.vectranet.pl,AVAILABILITY,origin.list,origin.list,2022-03-26 05:07:51.337550,70dda94daee06d1aff4b5ffb
088156170190.szczecinek.vectranet.pl,AVAILABILITY,origin.list,origin.list,2022-03-26 05:07:53.384066,70dda94daee06d1aff4b5ffb
088156175055.skarzysko.vectranet.pl,AVAILABILITY,origin.list,origin.list,2022-03-26 05:07:57.391091,70dda94daee06d1aff4b5ffb
088156211139.radom.vectranet.pl,AVAILABILITY,origin.list,origin.list,2022-03-26 05:07:58.798145,70dda94daee06d1aff4b5ffb
089com.ourtoolbar.com,AVAILABILITY,origin.list,origin.list,2022-03-26 05:07:59.054378,70dda94daee06d1aff4b5ffb
08.sharedsource.org,AVAILABILITY,origin.list,origin.list,2022-03-26 05:08:02.573681,70dda94daee06d1aff4b5ffb
088156212231.radom.vectranet.pl,AVAILABILITY,origin.list,origin.list,2022-03-26 05:08:03.024260,70dda94daee06d1aff4b5ffb
088156213183.radom.vectranet.pl,AVAILABILITY,origin.list,origin.list,2022-03-26 05:08:03.160624,70dda94daee06d1aff4b5ffb
088156250062.koscierzyna.vectranet.pl,AVAILABILITY,origin.list,origin.list,2022-03-26 05:08:04.601850,70dda94daee06d1aff4b5ffb
093105003066.radomsko.vectranet.pl,AVAILABILITY,origin.list,origin.list,2022-03-26 05:08:13.447467,70dda94daee06d1aff4b5ffb
093105015032.braniewo.vectranet.pl,AVAILABILITY,origin.list,origin.list,2022-03-26 05:08:14.788069,70dda94daee06d1aff4b5ffb
093105023115.skarzysko.vectranet.pl,AVAILABILITY,origin.list,origin.list,2022-03-26 05:08:15.910933,70dda94daee06d1aff4b5ffb
093105025184.suwalki.vectranet.pl,AVAILABILITY,origin.list,origin.list,2022-03-26 05:08:16.656059,70dda94daee06d1aff4b5ffb
093105030173.suwalki.vectranet.pl,AVAILABILITY,origin.list,origin.list,2022-03-26 05:08:17.729539,70dda94daee06d1aff4b5ffb
093105107084.pila.vectranet.pl,AVAILABILITY,origin.list,origin.list,2022-03-26 05:08:27.093659,70dda94daee06d1aff4b5ffb
093105148202.radom.vectranet.pl,AVAILABILITY,origin.list,origin.list,2022-03-26 05:08:27.497694,70dda94daee06d1aff4b5ffb
093105147104.radom.vectranet.pl,AVAILABILITY,origin.list,origin.list,2022-03-26 05:08:27.646299,70dda94daee06d1aff4b5ffb
093105151190.radom.vectranet.pl,AVAILABILITY,origin.list,origin.list,2022-03-26 05:08:28.132341,70dda94daee06d1aff4b5ffb
093105154215.starachowice.vectranet.pl,AVAILABILITY,origin.list,origin.list,2022-03-26 05:08:29.861976,70dda94daee06d1aff4b5ffb
093105160008.elblag.vectranet.pl,AVAILABILITY,origin.list,origin.list,2022-03-26 05:08:40.262815,70dda94daee06d1aff4b5ffb
093105164233.elblag.vectranet.pl,AVAILABILITY,origin.list,origin.list,2022-03-26 05:08:40.847050,70dda94daee06d1aff4b5ffb
093105164148.elblag.vectranet.pl,AVAILABILITY,origin.list,origin.list,2022-03-26 05:08:41.405097,70dda94daee06d1aff4b5ffb
093105192018.skierniewice.vectranet.pl,AVAILABILITY,origin.list,origin.list,2022-03-26 05:08:42.391038,70dda94daee06d1aff4b5ffb
093105201193.skierniewice.vectranet.pl,AVAILABILITY,origin.list,origin.list,2022-03-26 05:08:43.364438,70dda94daee06d1aff4b5ffb
095-097-079-203.static.chello.nl,AVAILABILITY,origin.list,origin.list,2022-03-26 05:08:43.534481,70dda94daee06d1aff4b5ffb
09city.com,AVAILABILITY,origin.list,origin.list,2022-03-26 05:08:44.185557,70dda94daee06d1aff4b5ffb
09.sharedsource.org,AVAILABILITY,origin.list,origin.list,2022-03-26 05:08:44.835570,70dda94daee06d1aff4b5ffb
0d7292.r.axf8.net,AVAILABILITY,origin.list,origin.list,2022-03-26 05:08:46.498821,70dda94daee06d1aff4b5ffb
0ci.ru,AVAILABILITY,origin.list,origin.list,2022-03-26 05:08:47.035001,70dda94daee06d1aff4b5ffb
0cj.net,AVAILABILITY,origin.list,origin.list,2022-03-26 05:08:47.515972,70dda94daee06d1aff4b5ffb
0--foodwarez.da.ru,AVAILABILITY,origin.list,origin.list,2022-03-26 05:08:49.427103,70dda94daee06d1aff4b5ffb
0fees.net,AVAILABILITY,origin.list,origin.list,2022-03-26 05:08:49.557837,70dda94daee06d1aff4b5ffb
0day.cracknews.com,AVAILABILITY,origin.list,origin.list,2022-03-26 05:08:49.595122,70dda94daee06d1aff4b5ffb
0hide.com,AVAILABILITY,origin.list,origin.list,2022-03-26 05:08:49.840007,70dda94daee06d1aff4b5ffb
0nlyzoo.com,AVAILABILITY,origin.list,origin.list,2022-03-26 05:08:51.668728,70dda94daee06d1aff4b5ffb
0nm.info,AVAILABILITY,origin.list,origin.list,2022-03-26 05:08:52.584675,70dda94daee06d1aff4b5ffb
0koryu0.easter.ne.jp,AVAILABILITY,origin.list,origin.list,2022-03-26 05:08:52.828049,70dda94daee06d1aff4b5ffb
093105219198.rybnik.vectranet.pl,AVAILABILITY,origin.list,origin.list,2022-03-26 05:08:53.633994,70dda94daee06d1aff4b5ffb
0ki.ru,AVAILABILITY,origin.list,origin.list,2022-03-26 05:08:54.488349,70dda94daee06d1aff4b5ffb
0proxygalore.notlong.com,AVAILABILITY,origin.list,origin.list,2022-03-26 05:08:54.783823,70dda94daee06d1aff4b5ffb
0on.org,AVAILABILITY,origin.list,origin.list,2022-03-26 05:08:55.442836,70dda94daee06d1aff4b5ffb
0proxysuperbest.ws,AVAILABILITY,origin.list,origin.list,2022-03-26 05:08:55.556675,70dda94daee06d1aff4b5ffb
0q8.net,AVAILABILITY,origin.list,origin.list,2022-03-26 05:08:55.973539,70dda94daee06d1aff4b5ffb
0surf.info,AVAILABILITY,origin.list,origin.list,2022-03-26 05:08:58.073989,70dda94daee06d1aff4b5ffb
0scan.com,AVAILABILITY,origin.list,origin.list,2022-03-26 05:08:58.326497,70dda94daee06d1aff4b5ffb
10000habbocreditosgratis.blogspot.com,AVAILABILITY,origin.list,origin.list,2022-03-26 05:09:01.485741,70dda94daee06d1aff4b5ffb
0x80.online-software.org,AVAILABILITY,origin.list,origin.list,2022-03-26 05:09:01.641554,70dda94daee06d1aff4b5ffb
10000xing.cn,AVAILABILITY,origin.list,origin.list,2022-03-26 05:09:05.281040,70dda94daee06d1aff4b5ffb
1000credi.cabanova.fr,AVAILABILITY,origin.list,origin.list,2022-03-26 05:09:05.585980,70dda94daee06d1aff4b5ffb
0rangemask.myblogtoolbar.com,AVAILABILITY,origin.list,origin.list,2022-03-26 05:09:06.960830,70dda94daee06d1aff4b5ffb
0s.o53xo.mzqwgzlcn5xwwltdn5wq.minsy.ru,AVAILABILITY,origin.list,origin.list,2022-03-26 05:09:07.922007,70dda94daee06d1aff4b5ffb
1000millasargentina.com.ar,AVAILABILITY,origin.list,origin.list,2022-03-26 05:09:08.345377,70dda94daee06d1aff4b5ffb
1000gratisproben.com,AVAILABILITY,origin.list,origin.list,2022-03-26 05:09:08.801779,70dda94daee06d1aff4b5ffb
0x4dd54bd9.adsl.cybercity.dk,AVAILABILITY,origin.list,origin.list,2022-03-26 05:09:09.998042,70dda94daee06d1aff4b5ffb
100-100.ru,AVAILABILITY,origin.list,origin.list,2022-03-26 05:09:10.606110,70dda94daee06d1aff4b5ffb
100hot.122.2o7.net,AVAILABILITY,origin.list,origin.list,2022-03-26 05:09:10.991527,70dda94daee06d1aff4b5ffb
100net4.197.rsv-dhcp.indytel.com,AVAILABILITY,origin.list,origin.list,2022-03-26 05:09:12.263260,70dda94daee06d1aff4b5ffb
100amateurvideos.com,AVAILABILITY,origin.list,origin.list,2022-03-26 05:09:12.572740,70dda94daee06d1aff4b5ffb
1001movies.com,AVAILABILITY,origin.list,origin.list,2022-03-26 05:09:12.641889,70dda94daee06d1aff4b5ffb
100magow-gratos.cabanova.fr,AVAILABILITY,origin.list,origin.list,2022-03-26 05:09:12.840951,70dda94daee06d1aff4b5ffb
100network.ourtoolbar.com,AVAILABILITY,origin.list,origin.list,2022-03-26 05:09:13.606422,70dda94daee06d1aff4b5ffb
100.red-88-31-24.staticip.rima-tde.net,AVAILABILITY,origin.list,origin.list,2022-03-26 05:09:13.966508,70dda94daee06d1aff4b5ffb
100webproxy.ws,AVAILABILITY,origin.list,origin.list,2022-03-26 05:09:15.773380,70dda94daee06d1aff4b5ffb
101-130.echostar.pl,AVAILABILITY,origin.list,origin.list,2022-03-26 05:09:16.322910,70dda94daee06d1aff4b5ffb
100webads.com,AVAILABILITY,origin.list,origin.list,2022-03-26 05:09:16.622677,70dda94daee06d1aff4b5ffb
101-188-58-66.gci.net,AVAILABILITY,origin.list,origin.list,2022-03-26 05:09:17.028697,70dda94daee06d1aff4b5ffb
100sexlinks.com,AVAILABILITY,origin.list,origin.list,2022-03-26 05:09:17.129362,70dda94daee06d1aff4b5ffb
1014.org,AVAILABILITY,origin.list,origin.list,2022-03-26 05:09:17.953644,70dda94daee06d1aff4b5ffb
1015.info,AVAILABILITY,origin.list,origin.list,2022-03-26 05:09:18.181801,70dda94daee06d1aff4b5ffb
101freehost.com,AVAILABILITY,origin.list,origin.list,2022-03-26 05:09:21.733708,70dda94daee06d1aff4b5ffb
101ok.com,AVAILABILITY,origin.list,origin.list,2022-03-26 05:09:23.213594,70dda94daee06d1aff4b5ffb
101sexsecret.com,AVAILABILITY,origin.list,origin.list,2022-03-26 05:09:23.361735,70dda94daee06d1aff4b5ffb
102.112.207.net,AVAILABILITY,origin.list,origin.list,2022-03-26 05:09:25.725126,70dda94daee06d1aff4b5ffb
101.sub-75-199-205.myvzw.com,AVAILABILITY,origin.list,origin.list,2022-03-26 05:09:26.487647,70dda94daee06d1aff4b5ffb
102.122.207.net,AVAILABILITY,origin.list,origin.list,2022-03-26 05:09:28.959535,70dda94daee06d1aff4b5ffb
102.112.2o7.net,AVAILABILITY,origin.list,origin.list,2022-03-26 05:09:29.066461,70dda94daee06d1aff4b5ffb
101.60.233.72.static.reverse.ltdomains.com,AVAILABILITY,origin.list,origin.list,2022-03-26 05:09:30.004608,70dda94daee06d1aff4b5ffb
101com.com,AVAILABILITY,origin.list,origin.list,2022-03-26 05:09:30.715096,70dda94daee06d1aff4b5ffb
101order.com,AVAILABILITY,origin.list,origin.list,2022-03-26 05:09:31.307961,70dda94daee06d1aff4b5ffb
102.122.2o7.net,AVAILABILITY,origin.list,origin.list,2022-03-26 05:09:31.574812,70dda94daee06d1aff4b5ffb
103-154-58-66.gci.net,AVAILABILITY,origin.list,origin.list,2022-03-26 05:09:32.559359,70dda94daee06d1aff4b5ffb
103.sub-70-222-213.myvzw.com,AVAILABILITY,origin.list,origin.list,2022-03-26 05:09:32.589278,70dda94daee06d1aff4b5ffb
1031fec.com,AVAILABILITY,origin.list,origin.list,2022-03-26 05:09:33.736463,70dda94daee06d1aff4b5ffb
104.69-54-92.telenet.ru,AVAILABILITY,origin.list,origin.list,2022-03-26 05:09:34.269361,70dda94daee06d1aff4b5ffb
103.sub-75-236-210.myvzw.com,AVAILABILITY,origin.list,origin.list,2022-03-26 05:09:34.679719,70dda94daee06d1aff4b5ffb
105.sub-75-197-132.myvzw.com,AVAILABILITY,origin.list,origin.list,2022-03-26 05:09:35.810311,70dda94daee06d1aff4b5ffb
105.red-88-31-75.staticip.rima-tde.net,AVAILABILITY,origin.list,origin.list,2022-03-26 05:09:35.839075,70dda94daee06d1aff4b5ffb
105.sub-75-223-94.myvzw.com,AVAILABILITY,origin.list,origin.list,2022-03-26 05:09:36.893982,70dda94daee06d1aff4b5ffb
10528.telnet.bg,AVAILABILITY,origin.list,origin.list,2022-03-26 05:09:46.987958,70dda94daee06d1aff4b5ffb
106.11.233.72.static.reverse.ltdomains.com,AVAILABILITY,origin.list,origin.list,2022-03-26 05:09:48.394542,70dda94daee06d1aff4b5ffb
105vibe.com,AVAILABILITY,origin.list,origin.list,2022-03-26 05:09:48.570086,70dda94daee06d1aff4b5ffb
106.218.67.209.static.reverse.ltdomains.com,AVAILABILITY,origin.list,origin.list,2022-03-26 05:09:50.158780,70dda94daee06d1aff4b5ffb
106.35.233.72.static.reverse.ltdomains.com,AVAILABILITY,origin.list,origin.list,2022-03-26 05:09:51.142527,70dda94daee06d1aff4b5ffb
106.sub-75-215-93.myvzw.com,AVAILABILITY,origin.list,origin.list,2022-03-26 05:09:53.317268,70dda94daee06d1aff4b5ffb
106.60.233.72.static.reverse.ltdomains.com,AVAILABILITY,origin.list,origin.list,2022-03-26 05:10:01.022528,70dda94daee06d1aff4b5ffb
10661.kit.carpediem.fr,AVAILABILITY,origin.list,origin.list,2022-03-26 05:10:01.800093,70dda94daee06d1aff4b5ffb
106.81.233.72.static.reverse.ltdomains.com,AVAILABILITY,origin.list,origin.list,2022-03-26 05:10:03.137994,70dda94daee06d1aff4b5ffb
107.los-angeles-11rh15rt.ca.dial-access.att.net,AVAILABILITY,origin.list,origin.list,2022-03-26 05:10:03.161678,70dda94daee06d1aff4b5ffb
107.red-88-31-9.staticip.rima-tde.net,AVAILABILITY,origin.list,origin.list,2022-03-26 05:10:04.782832,70dda94daee06d1aff4b5ffb
107.116.232.72.static.reverse.ltdomains.com,AVAILABILITY,origin.list,origin.list,2022-03-26 05:10:04.941953,70dda94daee06d1aff4b5ffb
108.com,AVAILABILITY,origin.list,origin.list,2022-03-26 05:10:07.087555,70dda94daee06d1aff4b5ffb
107.81.233.72.static.reverse.ltdomains.com,AVAILABILITY,origin.list,origin.list,2022-03-26 05:10:07.159366,70dda94daee06d1aff4b5ffb
108.sub-70-210-70.myvzw.com,AVAILABILITY,origin.list,origin.list,2022-03-26 05:10:09.124517,70dda94daee06d1aff4b5ffb
109.red-88-31-32.staticip.rima-tde.net,AVAILABILITY,origin.list,origin.list,2022-03-26 05:10:10.047796,70dda94daee06d1aff4b5ffb
109.sub-70-210-113.myvzw.com,AVAILABILITY,origin.list,origin.list,2022-03-26 05:10:11.203231,70dda94daee06d1aff4b5ffb
109.sub-70-214-115.myvzw.com,AVAILABILITY,origin.list,origin.list,2022-03-26 05:10:13.158377,70dda94daee06d1aff4b5ffb
109.sub-70-220-79.myvzw.com,AVAILABILITY,origin.list,origin.list,2022-03-26 05:10:13.480646,70dda94daee06d1aff4b5ffb
109.sub-70-221-0.myvzw.com,AVAILABILITY,origin.list,origin.list,2022-03-26 05:10:15.277559,70dda94daee06d1aff4b5ffb
108.218.67.209.static.reverse.ltdomains.com,AVAILABILITY,origin.list,origin.list,2022-03-26 05:10:15.374281,70dda94daee06d1aff4b5ffb
10gbfreehost.com,AVAILABILITY,origin.list,origin.list,2022-03-26 05:10:16.311846,70dda94daee06d1aff4b5ffb
10immobilien.com,AVAILABILITY,origin.list,origin.list,2022-03-26 05:10:18.960623,70dda94daee06d1aff4b5ffb
109.5.189.109.customer.cdi.no,AVAILABILITY,origin.list,origin.list,2022-03-26 05:10:19.009976,70dda94daee06d1aff4b5ffb
10xdnabiouk.112.2o7.net,AVAILABILITY,origin.list,origin.list,2022-03-26 05:10:19.567886,70dda94daee06d1aff4b5ffb
10wrj.com,AVAILABILITY,origin.list,origin.list,2022-03-26 05:10:19.821866,70dda94daee06d1aff4b5ffb
10xdvo.112.2o7.net,AVAILABILITY,origin.list,origin.list,2022-03-26 05:10:21.970545,70dda94daee06d1aff4b5ffb
10xhellometro.112.2o7.net,AVAILABILITY,origin.list,origin.list,2022-03-26 05:10:22.515343,70dda94daee06d1aff4b5ffb
10xmarketing.112.2o7.net,AVAILABILITY,origin.list,origin.list,2022-03-26 05:10:23.196292,70dda94daee06d1aff4b5ffb
10xmultistreamincome.112.2o7.net,AVAILABILITY,origin.list,origin.list,2022-03-26 05:10:23.916211,70dda94daee06d1aff4b5ffb
10xonegreatfamily.112.2o7.net,AVAILABILITY,origin.list,origin.list,2022-03-26 05:10:25.940131,70dda94daee06d1aff4b5ffb
10xoneminmil.112.2o7.net,AVAILABILITY,origin.list,origin.list,2022-03-26 05:10:26.079858,70dda94daee06d1aff4b5ffb
10xpowerglide.112.2o7.net,AVAILABILITY,origin.list,origin.list,2022-03-26 05:10:26.151789,70dda94daee06d1aff4b5ffb
10xtestout.112.2o7.net,AVAILABILITY,origin.list,origin.list,2022-03-26 05:10:27.518914,70dda94daee06d1aff4b5ffb
110-132-126-192.rev.home.ne.jp,AVAILABILITY,origin.list,origin.list,2022-03-26 05:10:28.365435,70dda94daee06d1aff4b5ffb
110-129-214-81.rev.home.ne.jp,AVAILABILITY,origin.list,origin.list,2022-03-26 05:10:28.374627,70dda94daee06d1aff4b5ffb
110-132-11-147.rev.home.ne.jp,AVAILABILITY,origin.list,origin.list,2022-03-26 05:10:29.559563,70dda94daee06d1aff4b5ffb
10minutenerfolg.de,AVAILABILITY,origin.list,origin.list,2022-03-26 05:10:29.573913,70dda94daee06d1aff4b5ffb
110-132-242-119.rev.home.ne.jp,AVAILABILITY,origin.list,origin.list,2022-03-26 05:10:31.532034,70dda94daee06d1aff4b5ffb
110-54-49-135.ppp.bbiq.jp,AVAILABILITY,origin.list,origin.list,2022-03-26 05:10:32.431956,70dda94daee06d1aff4b5ffb
110-156-167-83.reverse.alphalink.fr,AVAILABILITY,origin.list,origin.list,2022-03-26 05:10:32.571987,70dda94daee06d1aff4b5ffb
1105governmentinformationgroup.122.2o7.net,AVAILABILITY,origin.list,origin.list,2022-03-26 05:10:33.465000,70dda94daee06d1aff4b5ffb
110.red-88-29-42.staticip.rima-tde.net,AVAILABILITY,origin.list,origin.list,2022-03-26 05:10:33.634945,70dda94daee06d1aff4b5ffb
110mb.com,AVAILABILITY,origin.list,origin.list,2022-03-26 05:10:35.058257,70dda94daee06d1aff4b5ffb
110.sub-70-221-29.myvzw.com,AVAILABILITY,origin.list,origin.list,2022-03-26 05:10:35.402058,70dda94daee06d1aff4b5ffb
110.sub-75-217-148.myvzw.com,AVAILABILITY,origin.list,origin.list,2022-03-26 05:10:35.629586,70dda94daee06d1aff4b5ffb
110.sub-75-199-47.myvzw.com,AVAILABILITY,origin.list,origin.list,2022-03-26 05:10:36.220206,70dda94daee06d1aff4b5ffb
11164531-19021001.c2.adprotect.net,AVAILABILITY,origin.list,origin.list,2022-03-26 05:10:37.462052,70dda94daee06d1aff4b5ffb
111281.com,AVAILABILITY,origin.list,origin.list,2022-03-26 05:10:38.525649,70dda94daee06d1aff4b5ffb
11165583-40348.id2.clickprotects.com,AVAILABILITY,origin.list,origin.list,2022-03-26 05:10:39.428816,70dda94daee06d1aff4b5ffb
111.red-88-24-204.staticip.rima-tde.net,AVAILABILITY,origin.list,origin.list,2022-03-26 05:10:39.920676,70dda94daee06d1aff4b5ffb
111.red-88-31-55.staticip.rima-tde.net,AVAILABILITY,origin.list,origin.list,2022-03-26 05:10:40.844809,70dda94daee06d1aff4b5ffb
111.sub-70-208-178.myvzw.com,AVAILABILITY,origin.list,origin.list,2022-03-26 05:10:40.921023,70dda94daee06d1aff4b5ffb
111meds.com,AVAILABILITY,origin.list,origin.list,2022-03-26 05:10:41.386387,70dda94daee06d1aff4b5ffb
112-85-237-24.gci.net,AVAILABILITY,origin.list,origin.list,2022-03-26 05:10:45.530513,70dda94daee06d1aff4b5ffb
112.207.net,AVAILABILITY,origin.list,origin.list,2022-03-26 05:10:45.822292,70dda94daee06d1aff4b5ffb
112.2o7.net,AVAILABILITY,origin.list,origin.list,2022-03-26 05:10:45.957832,70dda94daee06d1aff4b5ffb
112.sub-75-214-56.myvzw.com,AVAILABILITY,origin.list,origin.list,2022-03-26 05:10:46.254953,70dda94daee06d1aff4b5ffb
113.sub-75-196-211.myvzw.com,AVAILABILITY,origin.list,origin.list,2022-03-26 05:10:50.511387,70dda94daee06d1aff4b5ffb
112.sub-75-253-25.myvzw.com,AVAILABILITY,origin.list,origin.list,2022-03-26 05:10:50.936109,70dda94daee06d1aff4b5ffb
113.sub-75-198-160.myvzw.com,AVAILABILITY,origin.list,origin.list,2022-03-26 05:10:51.404712,70dda94daee06d1aff4b5ffb
113bbs.kokuden.com,AVAILABILITY,origin.list,origin.list,2022-03-26 05:10:52.170934,70dda94daee06d1aff4b5ffb
113.sub-75-208-176.myvzw.com,AVAILABILITY,origin.list,origin.list,2022-03-26 05:10:54.156032,70dda94daee06d1aff4b5ffb
112.146.16.62.customer.cdi.no,AVAILABILITY,origin.list,origin.list,2022-03-26 05:10:55.523891,70dda94daee06d1aff4b5ffb
114-142-217-20.dsl.teleguam.net,AVAILABILITY,origin.list,origin.list,2022-03-26 05:10:57.088552,70dda94daee06d1aff4b5ffb
114-32-139-210.hinet-ip.hinet.net,AVAILABILITY,origin.list,origin.list,2022-03-26 05:10:57.880677,70dda94daee06d1aff4b5ffb
114-35-229-80.hinet-ip.hinet.net,AVAILABILITY,origin.list,origin.list,2022-03-26 05:11:00.932542,70dda94daee06d1aff4b5ffb
114bds.com,AVAILABILITY,origin.list,origin.list,2022-03-26 05:11:04.983728,70dda94daee06d1aff4b5ffb
113x33x171x250.ap113.ftth.ucom.ne.jp,AVAILABILITY,origin.list,origin.list,2022-03-26 05:11:05.135776,70dda94daee06d1aff4b5ffb
113x33x200x244.ap113.ftth.ucom.ne.jp,AVAILABILITY,origin.list,origin.list,2022-03-26 05:11:05.458755,70dda94daee06d1aff4b5ffb
114.109.151.202.cc9.ne.jp,AVAILABILITY,origin.list,origin.list,2022-03-26 05:11:06.381998,70dda94daee06d1aff4b5ffb
114.red-88-30-108.staticip.rima-tde.net,AVAILABILITY,origin.list,origin.list,2022-03-26 05:11:07.480034,70dda94daee06d1aff4b5ffb
114.sub-70-208-223.myvzw.com,AVAILABILITY,origin.list,origin.list,2022-03-26 05:11:08.583012,70dda94daee06d1aff4b5ffb
114.sub-75-217-200.myvzw.com,AVAILABILITY,origin.list,origin.list,2022-03-26 05:11:08.792611,70dda94daee06d1aff4b5ffb
115-124-214-175.ppp.bbiq.jp,AVAILABILITY,origin.list,origin.list,2022-03-26 05:11:09.704657,70dda94daee06d1aff4b5ffb
11483.kit.carpediem.fr,AVAILABILITY,origin.list,origin.list,2022-03-26 05:11:10.821551,70dda94daee06d1aff4b5ffb
115-124-220-220.ppp.bbiq.jp,AVAILABILITY,origin.list,origin.list,2022-03-26 05:11:12.061169,70dda94daee06d1aff4b5ffb
116-64-131-190.rev.home.ne.jp,AVAILABILITY,origin.list,origin.list,2022-03-26 05:11:12.582750,70dda94daee06d1aff4b5ffb
114kk.com,AVAILABILITY,origin.list,origin.list,2022-03-26 05:11:13.163230,70dda94daee06d1aff4b5ffb
116.64-138-225-net.sccoast.net,AVAILABILITY,origin.list,origin.list,2022-03-26 05:11:13.507625,70dda94daee06d1aff4b5ffb
116-64-144-139.rev.home.ne.jp,AVAILABILITY,origin.list,origin.list,2022-03-26 05:11:15.002704,70dda94daee06d1aff4b5ffb
116-64-154-247.rev.home.ne.jp,AVAILABILITY,origin.list,origin.list,2022-03-26 05:11:15.892465,70dda94daee06d1aff4b5ffb
116-64-150-76.rev.home.ne.jp,AVAILABILITY,origin.list,origin.list,2022-03-26 05:11:15.894149,70dda94daee06d1aff4b5ffb
116-64-156-63.rev.home.ne.jp,AVAILABILITY,origin.list,origin.list,2022-03-26 05:11:16.925046,70dda94daee06d1aff4b5ffb
116-64-211-81.rev.home.ne.jp,AVAILABILITY,origin.list,origin.list,2022-03-26 05:11:17.178271,70dda94daee06d1aff4b5ffb
116-64-154-63.rev.home.ne.jp,AVAILABILITY,origin.list,origin.list,2022-03-26 05:11:17.266669,70dda94daee06d1aff4b5ffb
116-65-148-180.rev.home.ne.jp,AVAILABILITY,origin.list,origin.list,2022-03-26 05:11:17.986537,70dda94daee06d1aff4b5ffb
116-65-199-187.rev.home.ne.jp,AVAILABILITY,origin.list,origin.list,2022-03-26 05:11:19.145409,70dda94daee06d1aff4b5ffb
116-65-192-102.rev.home.ne.jp,AVAILABILITY,origin.list,origin.list,2022-03-26 05:11:19.360263,70dda94daee06d1aff4b5ffb
116-65-204-113.rev.home.ne.jp,AVAILABILITY,origin.list,origin.list,2022-03-26 05:11:19.999477,70dda94daee06d1aff4b5ffb
116-65-204-20.rev.home.ne.jp,AVAILABILITY,origin.list,origin.list,2022-03-26 05:11:21.456149,70dda94daee06d1aff4b5ffb
116-65-28-234.rev.home.ne.jp,AVAILABILITY,origin.list,origin.list,2022-03-26 05:11:21.606780,70dda94daee06d1aff4b5ffb
116-65-245-227.rev.home.ne.jp,AVAILABILITY,origin.list,origin.list,2022-03-26 05:11:21.673526,70dda94daee06d1aff4b5ffb
1167host158.starwoodbroadband.com,AVAILABILITY,origin.list,origin.list,2022-03-26 05:11:23.453290,70dda94daee06d1aff4b5ffb
116-65-33-157.rev.home.ne.jp,AVAILABILITY,origin.list,origin.list,2022-03-26 05:11:23.601785,70dda94daee06d1aff4b5ffb
116-94-165-191.ppp.bbiq.jp,AVAILABILITY,origin.list,origin.list,2022-03-26 05:11:25.969914,70dda94daee06d1aff4b5ffb
116-94-151-65.ppp.bbiq.jp,AVAILABILITY,origin.list,origin.list,2022-03-26 05:11:26.886337,70dda94daee06d1aff4b5ffb
116-94-130-173.ppp.bbiq.jp,AVAILABILITY,origin.list,origin.list,2022-03-26 05:11:27.040808,70dda94daee06d1aff4b5ffb
116-94-208-253.ppp.bbiq.jp,AVAILABILITY,origin.list,origin.list,2022-03-26 05:11:28.340669,70dda94daee06d1aff4b5ffb
116-94-210-224.ppp.bbiq.jp,AVAILABILITY,origin.list,origin.list,2022-03-26 05:11:28.744705,70dda94daee06d1aff4b5ffb
116.red-83-63-229.staticip.rima-tde.net,AVAILABILITY,origin.list,origin.list,2022-03-26 05:11:29.580016,70dda94daee06d1aff4b5ffb
116-94-224-144.ppp.bbiq.jp,AVAILABILITY,origin.list,origin.list,2022-03-26 05:11:29.650347,70dda94daee06d1aff4b5ffb
1-170-195-217.cust.centrio.cz,AVAILABILITY,origin.list,origin.list,2022-03-26 05:11:30.214241,70dda94daee06d1aff4b5ffb
117.sub-75-251-219.myvzw.com,AVAILABILITY,origin.list,origin.list,2022-03-26 05:11:32.839259,70dda94daee06d1aff4b5ffb
117-53-0-119.adachi.ne.jp,AVAILABILITY,origin.list,origin.list,2022-03-26 05:11:32.862755,70dda94daee06d1aff4b5ffb
117.79-54-92.telenet.ru,AVAILABILITY,origin.list,origin.list,2022-03-26 05:11:33.330961,70dda94daee06d1aff4b5ffb
118.116-65-87.adsl-dyn.isp.belgacom.be,AVAILABILITY,origin.list,origin.list,2022-03-26 05:11:36.355301,70dda94daee06d1aff4b5ffb
117.us,AVAILABILITY,origin.list,origin.list,2022-03-26 05:11:36.436729,70dda94daee06d1aff4b5ffb
118-021-236-203.jp.fiberbit.net,AVAILABILITY,origin.list,origin.list,2022-03-26 05:11:36.858216,70dda94daee06d1aff4b5ffb
118.42-157-90.telenet.ru,AVAILABILITY,origin.list,origin.list,2022-03-26 05:11:40.458817,70dda94daee06d1aff4b5ffb
1.17110.com,AVAILABILITY,origin.list,origin.list,2022-03-26 05:11:40.643529,70dda94daee06d1aff4b5ffb
118-237.echostar.pl,AVAILABILITY,origin.list,origin.list,2022-03-26 05:11:41.136392,70dda94daee06d1aff4b5ffb
11731.kit.carpediem.fr,AVAILABILITY,origin.list,origin.list,2022-03-26 05:11:42.770388,70dda94daee06d1aff4b5ffb
118-83-177-69.nkno.j-cnet.jp,AVAILABILITY,origin.list,origin.list,2022-03-26 05:11:44.474592,70dda94daee06d1aff4b5ffb
118-83-29-23.htoj.j-cnet.jp,AVAILABILITY,origin.list,origin.list,2022-03-26 05:11:45.373572,70dda94daee06d1aff4b5ffb
118-83-11-65.htoj.j-cnet.jp,AVAILABILITY,origin.list,origin.list,2022-03-26 05:11:45.667362,70dda94daee06d1aff4b5ffb
118-83-37-232.htoj.j-cnet.jp,AVAILABILITY,origin.list,origin.list,2022-03-26 05:11:45.836197,70dda94daee06d1aff4b5ffb
118-83-6-190.htoj.j-cnet.jp,AVAILABILITY,origin.list,origin.list,2022-03-26 05:11:48.311165,70dda94daee06d1aff4b5ffb
118-87-157-236.ohta.j-cnet.jp,AVAILABILITY,origin.list,origin.list,2022-03-26 05:11:50.593613,70dda94daee06d1aff4b5ffb
118-86-149-67.kakt.j-cnet.jp,AVAILABILITY,origin.list,origin.list,2022-03-26 05:11:50.655667,70dda94daee06d1aff4b5ffb
118-86-177-12.kakt.j-cnet.jp,AVAILABILITY,origin.list,origin.list,2022-03-26 05:11:50.838800,70dda94daee06d1aff4b5ffb
118.40.232.72.static.reverse.ltdomains.com,AVAILABILITY,origin.list,origin.list,2022-03-26 05:11:51.051994,70dda94daee06d1aff4b5ffb
118-87-8-68.odwr.j-cnet.jp,AVAILABILITY,origin.list,origin.list,2022-03-26 05:11:53.840810,70dda94daee06d1aff4b5ffb
118.sub-70-195-89.myvzw.com,AVAILABILITY,origin.list,origin.list,2022-03-26 05:11:54.908510,70dda94daee06d1aff4b5ffb
118.sub-70-208-50.myvzw.com,AVAILABILITY,origin.list,origin.list,2022-03-26 05:11:55.617322,70dda94daee06d1aff4b5ffb
118.sub-75-196-73.myvzw.com,AVAILABILITY,origin.list,origin.list,2022-03-26 05:11:56.923325,70dda94daee06d1aff4b5ffb
119-154.pool.internet-x.hu,AVAILABILITY,origin.list,origin.list,2022-03-26 05:11:57.098601,70dda94daee06d1aff4b5ffb
119-171-133-132.rev.home.ne.jp,AVAILABILITY,origin.list,origin.list,2022-03-26 05:11:59.644611,70dda94daee06d1aff4b5ffb
119-171-156-147.rev.home.ne.jp,AVAILABILITY,origin.list,origin.list,2022-03-26 05:12:00.763525,70dda94daee06d1aff4b5ffb
119-173-138-234.rev.home.ne.jp,AVAILABILITY,origin.list,origin.list,2022-03-26 05:12:02.992040,70dda94daee06d1aff4b5ffb
119-173-123-79.rev.home.ne.jp,AVAILABILITY,origin.list,origin.list,2022-03-26 05:12:03.157616,70dda94daee06d1aff4b5ffb
119-173-135-54.rev.home.ne.jp,AVAILABILITY,origin.list,origin.list,2022-03-26 05:12:03.340185,70dda94daee06d1aff4b5ffb
119-173-28-92.rev.home.ne.jp,AVAILABILITY,origin.list,origin.list,2022-03-26 05:12:05.947476,70dda94daee06d1aff4b5ffb
119-175-207-65.rev.home.ne.jp,AVAILABILITY,origin.list,origin.list,2022-03-26 05:12:07.342205,70dda94daee06d1aff4b5ffb
119246058044.ctinets.com,AVAILABILITY,origin.list,origin.list,2022-03-26 05:12:17.610277,70dda94daee06d1aff4b5ffb
119246027232.ctinets.com,AVAILABILITY,origin.list,origin.list,2022-03-26 05:12:18.532787,70dda94daee06d1aff4b5ffb
119246092104.ctinets.com,AVAILABILITY,origin.list,origin.list,2022-03-26 05:12:20.060635,70dda94daee06d1aff4b5ffb
119246015199.ctinets.com,AVAILABILITY,origin.list,origin.list,2022-03-26 05:12:20.564683,70dda94daee06d1aff4b5ffb
119246100250.ctinets.com,AVAILABILITY,origin.list,origin.list,2022-03-26 05:12:23.845927,70dda94daee06d1aff4b5ffb
119246133180.ctinets.com,AVAILABILITY,origin.list,origin.list,2022-03-26 05:12:34.252837,70dda94daee06d1aff4b5ffb
119246109070.ctinets.com,AVAILABILITY,origin.list,origin.list,2022-03-26 05:12:35.909989,70dda94daee06d1aff4b5ffb
119246133229.ctinets.com,AVAILABILITY,origin.list,origin.list,2022-03-26 05:12:38.414664,70dda94daee06d1aff4b5ffb
119246146062.ctinets.com,AVAILABILITY,origin.list,origin.list,2022-03-26 05:12:38.988689,70dda94daee06d1aff4b5ffb
119247026057.ctinets.com,AVAILABILITY,origin.list,origin.list,2022-03-26 05:12:39.352684,70dda94daee06d1aff4b5ffb
119-46-101-110.static.asianet.co.th,AVAILABILITY,origin.list,origin.list,2022-03-26 05:12:43.969022,70dda94daee06d1aff4b5ffb
119.sub-75-203-112.myvzw.com,AVAILABILITY,origin.list,origin.list,2022-03-26 05:12:45.416454,70dda94daee06d1aff4b5ffb
119.red-88-30-22.staticip.rima-tde.net,AVAILABILITY,origin.list,origin.list,2022-03-26 05:12:45.533513,70dda94daee06d1aff4b5ffb
119.sub-166-139-135.myvzw.com,AVAILABILITY,origin.list,origin.list,2022-03-26 05:12:47.864839,70dda94daee06d1aff4b5ffb
119247034066.ctinets.com,AVAILABILITY,origin.list,origin.list,2022-03-26 05:12:50.990133,70dda94daee06d1aff4b5ffb
11fv.com,AVAILABILITY,origin.list,origin.list,2022-03-26 05:12:52.576124,70dda94daee06d1aff4b5ffb
11.red-88-31-21.staticip.rima-tde.net,AVAILABILITY,origin.list,origin.list,2022-03-26 05:12:54.155793,70dda94daee06d1aff4b5ffb
11.red-88-31-70.staticip.rima-tde.net,AVAILABILITY,origin.list,origin.list,2022-03-26 05:12:57.827436,70dda94daee06d1aff4b5ffb
11zz.com,AVAILABILITY,origin.list,origin.list,2022-03-26 05:13:00.403252,70dda94daee06d1aff4b5ffb
11bgencligi.mylibrarytoolbar.com,AVAILABILITY,origin.list,origin.list,2022-03-26 05:13:01.860655,70dda94daee06d1aff4b5ffb
11fens.mycitytoolbar.com,AVAILABILITY,origin.list,origin.list,2022-03-26 05:13:01.865894,70dda94daee06d1aff4b5ffb
121-119-201-50.nasicnet.com,AVAILABILITY,origin.list,origin.list,2022-03-26 05:13:07.702465,70dda94daee06d1aff4b5ffb
121-119-200-109.nasicnet.com,AVAILABILITY,origin.list,origin.list,2022-03-26 05:13:08.920254,70dda94daee06d1aff4b5ffb
120.172.54.77.rev.vodafone.pt,AVAILABILITY,origin.list,origin.list,2022-03-26 05:13:12.430722,70dda94daee06d1aff4b5ffb
12.09ec54.tvnetwork.hu,AVAILABILITY,origin.list,origin.list,2022-03-26 05:13:15.261783,70dda94daee06d1aff4b5ffb
12-16-169-81.mobileinternet.proximus.be,AVAILABILITY,origin.list,origin.list,2022-03-26 05:13:15.662987,70dda94daee06d1aff4b5ffb
121.131.70.115.static.exetel.com.au,AVAILABILITY,origin.list,origin.list,2022-03-26 05:13:19.572658,70dda94daee06d1aff4b5ffb
121-73-136-182.cable.telstraclear.net,AVAILABILITY,origin.list,origin.list,2022-03-26 05:13:21.523208,70dda94daee06d1aff4b5ffb
12-171.pptp.artx.ru,AVAILABILITY,origin.list,origin.list,2022-03-26 05:13:22.890230,70dda94daee06d1aff4b5ffb
121.56ea4d.tvnetwork.hu,AVAILABILITY,origin.list,origin.list,2022-03-26 05:13:24.307325,70dda94daee06d1aff4b5ffb
121-73-35-60.cable.telstraclear.net,AVAILABILITY,origin.list,origin.list,2022-03-26 05:13:25.559535,70dda94daee06d1aff4b5ffb
12.162.174.70.coalfld.static.coalfields.net,AVAILABILITY,origin.list,origin.list,2022-03-26 05:13:27.304171,70dda94daee06d1aff4b5ffb
121-73-9-30.cable.telstraclear.net,AVAILABILITY,origin.list,origin.list,2022-03-26 05:13:28.118941,70dda94daee06d1aff4b5ffb
121.sub-75-212-59.myvzw.com,AVAILABILITY,origin.list,origin.list,2022-03-26 05:13:29.607617,70dda94daee06d1aff4b5ffb
121.sub-70-198-200.myvzw.com,AVAILABILITY,origin.list,origin.list,2022-03-26 05:13:30.575128,70dda94daee06d1aff4b5ffb
121.sub-97-43-73.myvzw.com,AVAILABILITY,origin.list,origin.list,2022-03-26 05:13:33.732921,70dda94daee06d1aff4b5ffb
121tech.co.uk,AVAILABILITY,origin.list,origin.list,2022-03-26 05:13:35.102005,70dda94daee06d1aff4b5ffb
122102.122.2o7.net,AVAILABILITY,origin.list,origin.list,2022-03-26 05:13:35.388779,70dda94daee06d1aff4b5ffb
12-21-2012.org,AVAILABILITY,origin.list,origin.list,2022-03-26 05:13:37.006988,70dda94daee06d1aff4b5ffb
122-117-60-18.hinet-ip.hinet.net,AVAILABILITY,origin.list,origin.list,2022-03-26 05:13:38.496932,70dda94daee06d1aff4b5ffb
122.sub-72-109-169.myvzw.com,AVAILABILITY,origin.list,origin.list,2022-03-26 05:13:42.085223,70dda94daee06d1aff4b5ffb
122.2o7.net,AVAILABILITY,origin.list,origin.list,2022-03-26 05:13:42.228426,70dda94daee06d1aff4b5ffb
122.207.net,AVAILABILITY,origin.list,origin.list,2022-03-26 05:13:42.981381,70dda94daee06d1aff4b5ffb
122.sub-75-251-111.myvzw.com,AVAILABILITY,origin.list,origin.list,2022-03-26 05:13:45.748164,70dda94daee06d1aff4b5ffb
122.114.233.72.static.reverse.ltdomains.com,AVAILABILITY,origin.list,origin.list,2022-03-26 05:13:46.465002,70dda94daee06d1aff4b5ffb
122u.com,AVAILABILITY,origin.list,origin.list,2022-03-26 05:13:52.484814,70dda94daee06d1aff4b5ffb
123-192-23-137.ethome-ip.ethome.com.tw,AVAILABILITY,origin.list,origin.list,2022-03-26 05:13:57.975371,70dda94daee06d1aff4b5ffb
122x208x28x199.ap122.ftth.ucom.ne.jp,AVAILABILITY,origin.list,origin.list,2022-03-26 05:14:00.522535,70dda94daee06d1aff4b5ffb
122x209x152x12.ap122.ftth.ucom.ne.jp,AVAILABILITY,origin.list,origin.list,2022-03-26 05:14:00.523474,70dda94daee06d1aff4b5ffb
122x221x170x193.ap122.ftth.ucom.ne.jp,AVAILABILITY,origin.list,origin.list,2022-03-26 05:14:02.658148,70dda94daee06d1aff4b5ffb
122x218x93x174.ap122.ftth.ucom.ne.jp,AVAILABILITY,origin.list,origin.list,2022-03-26 05:14:02.703912,70dda94daee06d1aff4b5ffb
123-31-112-92.pool.ukrtel.net,AVAILABILITY,origin.list,origin.list,2022-03-26 05:14:06.508378,70dda94daee06d1aff4b5ffb
123counter.superstats.com,AVAILABILITY,origin.list,origin.list,2022-03-26 05:14:07.758253,70dda94daee06d1aff4b5ffb
123counter.mycomputer.com,AVAILABILITY,origin.list,origin.list,2022-03-26 05:14:08.386006,70dda94daee06d1aff4b5ffb
123cha.com,AVAILABILITY,origin.list,origin.list,2022-03-26 05:14:11.284645,70dda94daee06d1aff4b5ffb
123-free-download.com,AVAILABILITY,origin.list,origin.list,2022-03-26 05:14:13.335875,70dda94daee06d1aff4b5ffb
123found.com,AVAILABILITY,origin.list,origin.list,2022-03-26 05:14:14.481096,70dda94daee06d1aff4b5ffb
123.214.67.209.static.reverse.ltdomains.com,AVAILABILITY,origin.list,origin.list,2022-03-26 05:14:15.361986,70dda94daee06d1aff4b5ffb
123.greenhome001.com.cn,AVAILABILITY,origin.list,origin.list,2022-03-26 05:14:19.275504,70dda94daee06d1aff4b5ffb
123hideip.com,AVAILABILITY,origin.list,origin.list,2022-03-26 05:14:20.307801,70dda94daee06d1aff4b5ffb
123.red-88-30-2.staticip.rima-tde.net,AVAILABILITY,origin.list,origin.list,2022-03-26 05:14:20.697453,70dda94daee06d1aff4b5ffb
123go.com,AVAILABILITY,origin.list,origin.list,2022-03-26 05:14:23.583851,70dda94daee06d1aff4b5ffb
123keno.com,AVAILABILITY,origin.list,origin.list,2022-03-26 05:14:24.531324,70dda94daee06d1aff4b5ffb
123stat.com,AVAILABILITY,origin.list,origin.list,2022-03-26 05:14:26.228618,70dda94daee06d1aff4b5ffb
123url.org,AVAILABILITY,origin.list,origin.list,2022-03-26 05:14:29.165999,70dda94daee06d1aff4b5ffb
123ticket.com,AVAILABILITY,origin.list,origin.list,2022-03-26 05:14:29.245734,70dda94daee06d1aff4b5ffb
124-11-65-220.static.tfn.net.tw,AVAILABILITY,origin.list,origin.list,2022-03-26 05:14:29.534593,70dda94daee06d1aff4b5ffb
124-10-231-203.static.tfn.net.tw,AVAILABILITY,origin.list,origin.list,2022-03-26 05:14:29.746050,70dda94daee06d1aff4b5ffb
124-10-2-78.static.tfn.net.tw,AVAILABILITY,origin.list,origin.list,2022-03-26 05:14:31.638903,70dda94daee06d1aff4b5ffb
124-11-66-193.static.tfn.net.tw,AVAILABILITY,origin.list,origin.list,2022-03-26 05:14:32.902683,70dda94daee06d1aff4b5ffb
124-144-151-28.rev.home.ne.jp,AVAILABILITY,origin.list,origin.list,2022-03-26 05:14:35.586514,70dda94daee06d1aff4b5ffb
124-144-116-34.rev.home.ne.jp,AVAILABILITY,origin.list,origin.list,2022-03-26 05:14:35.991258,70dda94daee06d1aff4b5ffb
124-144-116-176.rev.home.ne.jp,AVAILABILITY,origin.list,origin.list,2022-03-26 05:14:37.102339,70dda94daee06d1aff4b5ffb
124-144-25-68.rev.home.ne.jp,AVAILABILITY,origin.list,origin.list,2022-03-26 05:14:37.734371,70dda94daee06d1aff4b5ffb
124-144-33-191.rev.home.ne.jp,AVAILABILITY,origin.list,origin.list,2022-03-26 05:14:38.021612,70dda94daee06d1aff4b5ffb
124-144-48-52.rev.home.ne.jp,AVAILABILITY,origin.list,origin.list,2022-03-26 05:14:41.374835,70dda94daee06d1aff4b5ffb
124-144-48-24.rev.home.ne.jp,AVAILABILITY,origin.list,origin.list,2022-03-26 05:14:42.288092,70dda94daee06d1aff4b5ffb
124-144-50-5.rev.home.ne.jp,AVAILABILITY,origin.list,origin.list,2022-03-26 05:14:44.325568,70dda94daee06d1aff4b5ffb
124-144-50-27.rev.home.ne.jp,AVAILABILITY,origin.list,origin.list,2022-03-26 05:14:44.398097,70dda94daee06d1aff4b5ffb
124-144-54-215.rev.home.ne.jp,AVAILABILITY,origin.list,origin.list,2022-03-26 05:14:45.526537,70dda94daee06d1aff4b5ffb
124-144-54-220.rev.home.ne.jp,AVAILABILITY,origin.list,origin.list,2022-03-26 05:14:47.158073,70dda94daee06d1aff4b5ffb
124-144-6-129.rev.home.ne.jp,AVAILABILITY,origin.list,origin.list,2022-03-26 05:14:49.018772,70dda94daee06d1aff4b5ffb
124-169-189-42.dyn.iinet.net.au,AVAILABILITY,origin.list,origin.list,2022-03-26 05:14:52.291605,70dda94daee06d1aff4b5ffb
124-169-140-121.dyn.iinet.net.au,AVAILABILITY,origin.list,origin.list,2022-03-26 05:14:52.402338,70dda94daee06d1aff4b5ffb
124-169-212-130.dyn.iinet.net.au,AVAILABILITY,origin.list,origin.list,2022-03-26 05:14:52.536945,70dda94daee06d1aff4b5ffb
124-169-59-45.dyn.iinet.net.au,AVAILABILITY,origin.list,origin.list,2022-03-26 05:14:55.817651,70dda94daee06d1aff4b5ffb
124-169-221-209.dyn.iinet.net.au,AVAILABILITY,origin.list,origin.list,2022-03-26 05:14:55.824232,70dda94daee06d1aff4b5ffb
124-169-6-229.dyn.iinet.net.au,AVAILABILITY,origin.list,origin.list,2022-03-26 05:15:00.670054,70dda94daee06d1aff4b5ffb
124.214.67.209.static.reverse.ltdomains.com,AVAILABILITY,origin.list,origin.list,2022-03-26 05:15:07.430375,70dda94daee06d1aff4b5ffb
124244009153.ctinets.com,AVAILABILITY,origin.list,origin.list,2022-03-26 05:15:10.972366,70dda94daee06d1aff4b5ffb
124244010016.ctinets.com,AVAILABILITY,origin.list,origin.list,2022-03-26 05:15:12.175961,70dda94daee06d1aff4b5ffb
124244021077.ctinets.com,AVAILABILITY,origin.list,origin.list,2022-03-26 05:15:14.121398,70dda94daee06d1aff4b5ffb
124244032069.ctinets.com,AVAILABILITY,origin.list,origin.list,2022-03-26 05:15:19.299865,70dda94daee06d1aff4b5ffb
124244032108.ctinets.com,AVAILABILITY,origin.list,origin.list,2022-03-26 05:15:26.649759,70dda94daee06d1aff4b5ffb
124244049156.ctinets.com,AVAILABILITY,origin.list,origin.list,2022-03-26 05:15:28.912200,70dda94daee06d1aff4b5ffb
124244075136.ctinets.com,AVAILABILITY,origin.list,origin.list,2022-03-26 05:15:30.242930,70dda94daee06d1aff4b5ffb
124244094161.ctinets.com,AVAILABILITY,origin.list,origin.list,2022-03-26 05:15:33.793983,70dda94daee06d1aff4b5ffb
124244122234.ctinets.com,AVAILABILITY,origin.list,origin.list,2022-03-26 05:15:35.656860,70dda94daee06d1aff4b5ffb
124-47-119-175.cidr4.kct.ad.jp,AVAILABILITY,origin.list,origin.list,2022-03-26 05:15:43.302055,70dda94daee06d1aff4b5ffb
124244126137.ctinets.com,AVAILABILITY,origin.list,origin.list,2022-03-26 05:15:44.838641,70dda94daee06d1aff4b5ffb
124244220116.ctinets.com,AVAILABILITY,origin.list,origin.list,2022-03-26 05:15:47.498913,70dda94daee06d1aff4b5ffb
124244240182.ctinets.com,AVAILABILITY,origin.list,origin.list,2022-03-26 05:15:49.103225,70dda94daee06d1aff4b5ffb
124-47-81-136.cidr4.kct.ad.jp,AVAILABILITY,origin.list,origin.list,2022-03-26 05:15:50.114547,70dda94daee06d1aff4b5ffb
124244254078.ctinets.com,AVAILABILITY,origin.list,origin.list,2022-03-26 05:15:53.460673,70dda94daee06d1aff4b5ffb
124.los-angeles-11rh15rt.ca.dial-access.att.net,AVAILABILITY,origin.list,origin.list,2022-03-26 05:15:53.536102,70dda94daee06d1aff4b5ffb
124.sub-70-210-105.myvzw.com,AVAILABILITY,origin.list,origin.list,2022-03-26 05:15:54.608903,70dda94daee06d1aff4b5ffb
124.sub-75-223-206.myvzw.com,AVAILABILITY,origin.list,origin.list,2022-03-26 05:15:58.437515,70dda94daee06d1aff4b5ffb
124x37x173x89.ap124.ftth.ucom.ne.jp,AVAILABILITY,origin.list,origin.list,2022-03-26 05:16:04.996504,70dda94daee06d1aff4b5ffb
124x34x105x166.ap124.ftth.ucom.ne.jp,AVAILABILITY,origin.list,origin.list,2022-03-26 05:16:10.178249,70dda94daee06d1aff4b5ffb
124x35x187x38.ap124.ftth.ucom.ne.jp,AVAILABILITY,origin.list,origin.list,2022-03-26 05:16:11.515349,70dda94daee06d1aff4b5ffb
124x34x72x219.ap124.ftth.ucom.ne.jp,AVAILABILITY,origin.list,origin.list,2022-03-26 05:16:12.702225,70dda94daee06d1aff4b5ffb
124x35x92x38.ap124.ftth.ucom.ne.jp,AVAILABILITY,origin.list,origin.list,2022-03-26 05:16:13.074259,70dda94daee06d1aff4b5ffb
125.113-64-87.adsl-dyn.isp.belgacom.be,AVAILABILITY,origin.list,origin.list,2022-03-26 05:16:17.361713,70dda94daee06d1aff4b5ffb
125.114.151.202.cc9.ne.jp,AVAILABILITY,origin.list,origin.list,2022-03-26 05:16:17.423901,70dda94daee06d1aff4b5ffb
124x39x211x99.ap124.ftth.ucom.ne.jp,AVAILABILITY,origin.list,origin.list,2022-03-26 05:16:20.676690,70dda94daee06d1aff4b5ffb
125-13-158-72.rev.home.ne.jp,AVAILABILITY,origin.list,origin.list,2022-03-26 05:16:22.400412,70dda94daee06d1aff4b5ffb
125-13-163-73.rev.home.ne.jp,AVAILABILITY,origin.list,origin.list,2022-03-26 05:16:25.541883,70dda94daee06d1aff4b5ffb
125-13-159-166.rev.home.ne.jp,AVAILABILITY,origin.list,origin.list,2022-03-26 05:16:26.982375,70dda94daee06d1aff4b5ffb
125-13-253-220.rev.home.ne.jp,AVAILABILITY,origin.list,origin.list,2022-03-26 05:16:29.131342,70dda94daee06d1aff4b5ffb
125-13-248-171.rev.home.ne.jp,AVAILABILITY,origin.list,origin.list,2022-03-26 05:16:29.808310,70dda94daee06d1aff4b5ffb
125-14-102-120.rev.home.ne.jp,AVAILABILITY,origin.list,origin.list,2022-03-26 05:16:32.281077,70dda94daee06d1aff4b5ffb
125.114.233.72.static.reverse.ltdomains.com,AVAILABILITY,origin.list,origin.list,2022-03-26 05:16:32.509931,70dda94daee06d1aff4b5ffb
125-14-91-202.rev.home.ne.jp,AVAILABILITY,origin.list,origin.list,2022-03-26 05:16:34.086225,70dda94daee06d1aff4b5ffb
125-14-205-179.rev.home.ne.jp,AVAILABILITY,origin.list,origin.list,2022-03-26 05:16:36.080559,70dda94daee06d1aff4b5ffb
125-15-51-216.rev.home.ne.jp,AVAILABILITY,origin.list,origin.list,2022-03-26 05:16:38.424963,70dda94daee06d1aff4b5ffb
125-8-10-201.rev.home.ne.jp,AVAILABILITY,origin.list,origin.list,2022-03-26 05:16:39.998338,70dda94daee06d1aff4b5ffb
125-253-05-153.perm.ver.bigair.net.au,AVAILABILITY,origin.list,origin.list,2022-03-26 05:16:40.214804,70dda94daee06d1aff4b5ffb
125-8-206-98.rev.home.ne.jp,AVAILABILITY,origin.list,origin.list,2022-03-26 05:16:40.360083,70dda94daee06d1aff4b5ffb
125sms.com,AVAILABILITY,origin.list,origin.list,2022-03-26 05:16:44.769939,70dda94daee06d1aff4b5ffb
125search.com,AVAILABILITY,origin.list,origin.list,2022-03-26 05:16:45.106307,70dda94daee06d1aff4b5ffb
125.sub-75-196-236.myvzw.com,AVAILABILITY,origin.list,origin.list,2022-03-26 05:16:45.975561,70dda94daee06d1aff4b5ffb
126-36-215.ftth.xms.internl.net,AVAILABILITY,origin.list,origin.list,2022-03-26 05:16:50.782747,70dda94daee06d1aff4b5ffb
126.red-88-25-142.staticip.rima-tde.net,AVAILABILITY,origin.list,origin.list,2022-03-26 05:16:51.868745,70dda94daee06d1aff4b5ffb
126.cn,AVAILABILITY,origin.list,origin.list,2022-03-26 05:16:53.686350,70dda94daee06d1aff4b5ffb
126.sub-75-206-226.myvzw.com,AVAILABILITY,origin.list,origin.list,2022-03-26 05:16:56.365043,70dda94daee06d1aff4b5ffb
125x102x121x153.ap125.ftth.ucom.ne.jp,AVAILABILITY,origin.list,origin.list,2022-03-26 05:16:58.122554,70dda94daee06d1aff4b5ffb
125x101x218x53.ap125.ftth.ucom.ne.jp,AVAILABILITY,origin.list,origin.list,2022-03-26 05:16:58.463289,70dda94daee06d1aff4b5ffb
126.sub-75-222-163.myvzw.com,AVAILABILITY,origin.list,origin.list,2022-03-26 05:16:58.575030,70dda94daee06d1aff4b5ffb
127-244-58-66.gci.net,AVAILABILITY,origin.list,origin.list,2022-03-26 05:17:01.392095,70dda94daee06d1aff4b5ffb
128.red-83-63-228.staticip.rima-tde.net,AVAILABILITY,origin.list,origin.list,2022-03-26 05:17:06.596170,70dda94daee06d1aff4b5ffb
1278725189.pub.ezanga.com,AVAILABILITY,origin.list,origin.list,2022-03-26 05:17:06.904743,70dda94daee06d1aff4b5ffb
128.sub-70-213-114.myvzw.com,AVAILABILITY,origin.list,origin.list,2022-03-26 05:17:07.358009,70dda94daee06d1aff4b5ffb
12733364.bookonline.com.cn,AVAILABILITY,origin.list,origin.list,2022-03-26 05:17:13.579167,70dda94daee06d1aff4b5ffb
12hack.com,AVAILABILITY,origin.list,origin.list,2022-03-26 05:17:14.449381,70dda94daee06d1aff4b5ffb
129.sub-70-209-5.myvzw.com,AVAILABILITY,origin.list,origin.list,2022-03-26 05:17:14.670119,70dda94daee06d1aff4b5ffb
12.sharedsource.org,AVAILABILITY,origin.list,origin.list,2022-03-26 05:17:18.286230,70dda94daee06d1aff4b5ffb
12h-twelvehorses.122.2o7.net,AVAILABILITY,origin.list,origin.list,2022-03-26 05:17:18.400251,70dda94daee06d1aff4b5ffb
12.sub-70-217-51.myvzw.com,AVAILABILITY,origin.list,origin.list,2022-03-26 05:17:20.428887,70dda94daee06d1aff4b5ffb
129.50.233.72.static.reverse.ltdomains.com,AVAILABILITY,origin.list,origin.list,2022-03-26 05:17:20.833112,70dda94daee06d1aff4b5ffb
12.sub-70-221-237.myvzw.com,AVAILABILITY,origin.list,origin.list,2022-03-26 05:17:25.362231,70dda94daee06d1aff4b5ffb
12.sub-97-177-25.myvzw.com,AVAILABILITY,origin.list,origin.list,2022-03-26 05:17:25.975187,70dda94daee06d1aff4b5ffb
12gbfree.com,AVAILABILITY,origin.list,origin.list,2022-03-26 05:17:26.740351,70dda94daee06d1aff4b5ffb
130-131-81-77-cable.canals.ro,AVAILABILITY,origin.list,origin.list,2022-03-26 05:17:28.643214,70dda94daee06d1aff4b5ffb
130-171-58-66.gci.net,AVAILABILITY,origin.list,origin.list,2022-03-26 05:17:32.752409,70dda94daee06d1aff4b5ffb
130.red-88-30-9.staticip.rima-tde.net,AVAILABILITY,origin.list,origin.list,2022-03-26 05:17:33.407493,70dda94daee06d1aff4b5ffb
130.sub-70-222-227.myvzw.com,AVAILABILITY,origin.list,origin.list,2022-03-26 05:17:33.868246,70dda94daee06d1aff4b5ffb
130.137.232.72.static.reverse.ltdomains.com,AVAILABILITY,origin.list,origin.list,2022-03-26 05:17:38.133409,70dda94daee06d1aff4b5ffb
131.sub-75-249-142.myvzw.com,AVAILABILITY,origin.list,origin.list,2022-03-26 05:17:41.416186,70dda94daee06d1aff4b5ffb
132-221.tyc.state.tx.us,AVAILABILITY,origin.list,origin.list,2022-03-26 05:17:43.023073,70dda94daee06d1aff4b5ffb
132.com,AVAILABILITY,origin.list,origin.list,2022-03-26 05:17:45.637897,70dda94daee06d1aff4b5ffb
13.112.dialup.westcall.net,AVAILABILITY,origin.list,origin.list,2022-03-26 05:17:46.305277,70dda94daee06d1aff4b5ffb
133-35-215.ftth.xms.internl.net,AVAILABILITY,origin.list,origin.list,2022-03-26 05:17:47.537319,70dda94daee06d1aff4b5ffb
131.137.232.72.static.reverse.ltdomains.com,AVAILABILITY,origin.list,origin.list,2022-03-26 05:17:51.106073,70dda94daee06d1aff4b5ffb
1337-crew.to,AVAILABILITY,origin.list,origin.list,2022-03-26 05:17:53.268466,70dda94daee06d1aff4b5ffb
1337crew.info,AVAILABILITY,origin.list,origin.list,2022-03-26 05:17:54.094786,70dda94daee06d1aff4b5ffb
133.red-88-25-227.staticip.rima-tde.net,AVAILABILITY,origin.list,origin.list,2022-03-26 05:17:56.421050,70dda94daee06d1aff4b5ffb
1337x.org,AVAILABILITY,origin.list,origin.list,2022-03-26 05:17:56.522888,70dda94daee06d1aff4b5ffb
133.106.232.72.static.reverse.ltdomains.com,AVAILABILITY,origin.list,origin.list,2022-03-26 05:17:58.142018,70dda94daee06d1aff4b5ffb
134-84-237-24.gci.net,AVAILABILITY,origin.list,origin.list,2022-03-26 05:18:01.714546,70dda94daee06d1aff4b5ffb
134-91-237-24.gci.net,AVAILABILITY,origin.list,origin.list,2022-03-26 05:18:01.940265,70dda94daee06d1aff4b5ffb
135920.webhosting47.1blu.de,AVAILABILITY,origin.list,origin.list,2022-03-26 05:18:05.464795,70dda94daee06d1aff4b5ffb
135.red-88-29-98.staticip.rima-tde.net,AVAILABILITY,origin.list,origin.list,2022-03-26 05:18:08.198399,70dda94daee06d1aff4b5ffb
135mp3.com,AVAILABILITY,origin.list,origin.list,2022-03-26 05:18:08.825675,70dda94daee06d1aff4b5ffb
135.sub-75-222-142.myvzw.com,AVAILABILITY,origin.list,origin.list,2022-03-26 05:18:10.632794,70dda94daee06d1aff4b5ffb
135.108.151.202.cc9.ne.jp,AVAILABILITY,origin.list,origin.list,2022-03-26 05:18:12.426319,70dda94daee06d1aff4b5ffb
135.103.151.202.cc9.ne.jp,AVAILABILITY,origin.list,origin.list,2022-03-26 05:18:15.010620,70dda94daee06d1aff4b5ffb
136.los-angeles-11rh15rt.ca.dial-access.att.net,AVAILABILITY,origin.list,origin.list,2022-03-26 05:18:16.272075,70dda94daee06d1aff4b5ffb
136.red-80-37-47.staticip.rima-tde.net,AVAILABILITY,origin.list,origin.list,2022-03-26 05:18:16.554204,70dda94daee06d1aff4b5ffb
136.sub-75-213-134.myvzw.com,AVAILABILITY,origin.list,origin.list,2022-03-26 05:18:18.305988,70dda94daee06d1aff4b5ffb
137400.net,AVAILABILITY,origin.list,origin.list,2022-03-26 05:18:23.496550,70dda94daee06d1aff4b5ffb
137.red-88-28-62.staticip.rima-tde.net,AVAILABILITY,origin.list,origin.list,2022-03-26 05:18:24.276675,70dda94daee06d1aff4b5ffb
137.26.138.58.dy.bbexcite.jp,AVAILABILITY,origin.list,origin.list,2022-03-26 05:18:26.826808,70dda94daee06d1aff4b5ffb
138.206-245-81.adsl-dyn.isp.belgacom.be,AVAILABILITY,origin.list,origin.list,2022-03-26 05:18:27.380295,70dda94daee06d1aff4b5ffb
138.sub-70-222-103.myvzw.com,AVAILABILITY,origin.list,origin.list,2022-03-26 05:18:34.254526,70dda94daee06d1aff4b5ffb
137.95.108.93.rev.vodafone.pt,AVAILABILITY,origin.list,origin.list,2022-03-26 05:18:34.703650,70dda94daee06d1aff4b5ffb
138.207.232.72.static.reverse.ltdomains.com,AVAILABILITY,origin.list,origin.list,2022-03-26 05:18:40.108014,70dda94daee06d1aff4b5ffb
138.216.232.72.static.reverse.ltdomains.com,AVAILABILITY,origin.list,origin.list,2022-03-26 05:18:41.199098,70dda94daee06d1aff4b5ffb
138.72.202.84.customer.cdi.no,AVAILABILITY,origin.list,origin.list,2022-03-26 05:18:44.239576,70dda94daee06d1aff4b5ffb
139.red-88-25-142.staticip.rima-tde.net,AVAILABILITY,origin.list,origin.list,2022-03-26 05:18:48.442044,70dda94daee06d1aff4b5ffb
139.195.232.72.static.reverse.ltdomains.com,AVAILABILITY,origin.list,origin.list,2022-03-26 05:18:48.725877,70dda94daee06d1aff4b5ffb
139.red-88-24-120.staticip.rima-tde.net,AVAILABILITY,origin.list,origin.list,2022-03-26 05:18:49.771723,70dda94daee06d1aff4b5ffb
139.red-88-31-84.staticip.rima-tde.net,AVAILABILITY,origin.list,origin.list,2022-03-26 05:18:50.001929,70dda94daee06d1aff4b5ffb
139.207.232.72.static.reverse.ltdomains.com,AVAILABILITY,origin.list,origin.list,2022-03-26 05:18:51.369424,70dda94daee06d1aff4b5ffb
139.sub-75-196-54.myvzw.com,AVAILABILITY,origin.list,origin.list,2022-03-26 05:18:53.946442,70dda94daee06d1aff4b5ffb
13.sharedsource.org,AVAILABILITY,origin.list,origin.list,2022-03-26 05:18:56.806131,70dda94daee06d1aff4b5ffb
13.sub-75-198-89.myvzw.com,AVAILABILITY,origin.list,origin.list,2022-03-26 05:18:58.197814,70dda94daee06d1aff4b5ffb
13allchat.com,AVAILABILITY,origin.list,origin.list,2022-03-26 05:19:00.427202,70dda94daee06d1aff4b5ffb
140-119.mc.royaume.com,AVAILABILITY,origin.list,origin.list,2022-03-26 05:19:03.215232,70dda94daee06d1aff4b5ffb
14-107-133-95.pool.ukrtel.net,AVAILABILITY,origin.list,origin.list,2022-03-26 05:19:03.986819,70dda94daee06d1aff4b5ffb
140.red-88-30-5.staticip.rima-tde.net,AVAILABILITY,origin.list,origin.list,2022-03-26 05:19:05.545776,70dda94daee06d1aff4b5ffb
141-24.dedicado.com.uy,AVAILABILITY,origin.list,origin.list,2022-03-26 05:19:08.154381,70dda94daee06d1aff4b5ffb
13copacabana37.u2m.ru,AVAILABILITY,origin.list,origin.list,2022-03-26 05:19:08.893605,70dda94daee06d1aff4b5ffb
141.red-88-25-142.staticip.rima-tde.net,AVAILABILITY,origin.list,origin.list,2022-03-26 05:19:11.829912,70dda94daee06d1aff4b5ffb
14.197.forpsi.net,AVAILABILITY,origin.list,origin.list,2022-03-26 05:19:12.653879,70dda94daee06d1aff4b5ffb
142-138-112-92.pool.ukrtel.net,AVAILABILITY,origin.list,origin.list,2022-03-26 05:19:13.055382,70dda94daee06d1aff4b5ffb
142-162-132-95.pool.ukrtel.net,AVAILABILITY,origin.list,origin.list,2022-03-26 05:19:16.687185,70dda94daee06d1aff4b5ffb
142.182-31-94.telenet.ru,AVAILABILITY,origin.list,origin.list,2022-03-26 05:19:17.699087,70dda94daee06d1aff4b5ffb
142-217-36-201.telebecinternet.net,AVAILABILITY,origin.list,origin.list,2022-03-26 05:19:19.261768,70dda94daee06d1aff4b5ffb
142-217-2-233.telebecinternet.net,AVAILABILITY,origin.list,origin.list,2022-03-26 05:19:21.185005,70dda94daee06d1aff4b5ffb
142-36.asparuhovo.net,AVAILABILITY,origin.list,origin.list,2022-03-26 05:19:22.040976,70dda94daee06d1aff4b5ffb
142.69-247-81.adsl-dyn.isp.belgacom.be,AVAILABILITY,origin.list,origin.list,2022-03-26 05:19:24.274407,70dda94daee06d1aff4b5ffb
142.sub-75-193-253.myvzw.com,AVAILABILITY,origin.list,origin.list,2022-03-26 05:19:27.395237,70dda94daee06d1aff4b5ffb
142.sub-70-213-192.myvzw.com,AVAILABILITY,origin.list,origin.list,2022-03-26 05:19:28.709240,70dda94daee06d1aff4b5ffb
143fuck.com,AVAILABILITY,origin.list,origin.list,2022-03-26 05:19:31.542043,70dda94daee06d1aff4b5ffb
143.red-80-39-45.staticip.rima-tde.net,AVAILABILITY,origin.list,origin.list,2022-03-26 05:19:34.709707,70dda94daee06d1aff4b5ffb
14.29ec54.tvnetwork.hu,AVAILABILITY,origin.list,origin.list,2022-03-26 05:19:35.426282,70dda94daee06d1aff4b5ffb
143.red-88-30-17.staticip.rima-tde.net,AVAILABILITY,origin.list,origin.list,2022-03-26 05:19:36.975646,70dda94daee06d1aff4b5ffb
142pc202.sshunet.nl,AVAILABILITY,origin.list,origin.list,2022-03-26 05:19:38.667158,70dda94daee06d1aff4b5ffb
143.sub-70-211-102.myvzw.com,AVAILABILITY,origin.list,origin.list,2022-03-26 05:19:39.263843,70dda94daee06d1aff4b5ffb
143.sub-75-213-207.myvzw.com,AVAILABILITY,origin.list,origin.list,2022-03-26 05:19:41.958598,70dda94daee06d1aff4b5ffb
143.sub-75-195-29.myvzw.com,AVAILABILITY,origin.list,origin.list,2022-03-26 05:19:42.633190,70dda94daee06d1aff4b5ffb
143.sub-75-236-211.myvzw.com,AVAILABILITY,origin.list,origin.list,2022-03-26 05:19:44.507162,70dda94daee06d1aff4b5ffb
144.red-88-31-70.staticip.rima-tde.net,AVAILABILITY,origin.list,origin.list,2022-03-26 05:19:49.322421,70dda94daee06d1aff4b5ffb
144.sub-75-219-195.myvzw.com,AVAILABILITY,origin.list,origin.list,2022-03-26 05:19:53.246842,70dda94daee06d1aff4b5ffb
144.110.151.202.cc9.ne.jp,AVAILABILITY,origin.list,origin.list,2022-03-26 05:19:55.254136,70dda94daee06d1aff4b5ffb
144.sub-75-249-75.myvzw.com,AVAILABILITY,origin.list,origin.list,2022-03-26 05:19:58.755646,70dda94daee06d1aff4b5ffb
144.50.233.72.static.reverse.ltdomains.com,AVAILABILITY,origin.list,origin.list,2022-03-26 05:19:58.815220,70dda94daee06d1aff4b5ffb
144.74.208.203.cable.dyn.bal.ncable.com.au,AVAILABILITY,origin.list,origin.list,2022-03-26 05:19:59.379361,70dda94daee06d1aff4b5ffb
145-116-224-213.uilenstede.casema.nl,AVAILABILITY,origin.list,origin.list,2022-03-26 05:20:00.402501,70dda94daee06d1aff4b5ffb
145-116-225-52.uilenstede.casema.nl,AVAILABILITY,origin.list,origin.list,2022-03-26 05:20:03.965186,70dda94daee06d1aff4b5ffb
145-116-229-130.uilenstede.casema.nl,AVAILABILITY,origin.list,origin.list,2022-03-26 05:20:07.347344,70dda94daee06d1aff4b5ffb
145-118-113-190.fttx.bbned.nl,AVAILABILITY,origin.list,origin.list,2022-03-26 05:20:09.476634,70dda94daee06d1aff4b5ffb
1456.org,AVAILABILITY,origin.list,origin.list,2022-03-26 05:20:13.780357,70dda94daee06d1aff4b5ffb
145-98.kg.ftth.internl.net,AVAILABILITY,origin.list,origin.list,2022-03-26 05:20:17.687190,70dda94daee06d1aff4b5ffb
145.172.36.72.static.reverse.ltdomains.com,AVAILABILITY,origin.list,origin.list,2022-03-26 05:20:17.944067,70dda94daee06d1aff4b5ffb
145.50.233.72.static.reverse.ltdomains.com,AVAILABILITY,origin.list,origin.list,2022-03-26 05:20:22.066532,70dda94daee06d1aff4b5ffb
146.116.48.60.brf04-home.tm.net.my,AVAILABILITY,origin.list,origin.list,2022-03-26 05:20:22.512082,70dda94daee06d1aff4b5ffb
145.70.dialup.westcall.net,AVAILABILITY,origin.list,origin.list,2022-03-26 05:20:23.720796,70dda94daee06d1aff4b5ffb
146.203-224-87.telenet.ru,AVAILABILITY,origin.list,origin.list,2022-03-26 05:20:26.619929,70dda94daee06d1aff4b5ffb
146.202-63-131.unknown.qala.com.sg,AVAILABILITY,origin.list,origin.list,2022-03-26 05:20:28.512575,70dda94daee06d1aff4b5ffb
146.los-angeles-11rh16rt-12rh15rt.ca.dial-access.att.net,AVAILABILITY,origin.list,origin.list,2022-03-26 05:20:29.317939,70dda94daee06d1aff4b5ffb
146.sub-75-204-38.myvzw.com,AVAILABILITY,origin.list,origin.list,2022-03-26 05:20:30.513753,70dda94daee06d1aff4b5ffb
14.84-234-160.customer.lyse.net,AVAILABILITY,origin.list,origin.list,2022-03-26 05:20:38.246206,70dda94daee06d1aff4b5ffb
14713804a.l2m.net,AVAILABILITY,origin.list,origin.list,2022-03-26 05:20:45.150475,70dda94daee06d1aff4b5ffb
149.sub-70-211-253.myvzw.com,AVAILABILITY,origin.list,origin.list,2022-03-26 05:20:45.285097,70dda94daee06d1aff4b5ffb
147.172.36.72.static.reverse.ltdomains.com,AVAILABILITY,origin.list,origin.list,2022-03-26 05:20:46.129680,70dda94daee06d1aff4b5ffb
147.50.233.72.static.reverse.ltdomains.com,AVAILABILITY,origin.list,origin.list,2022-03-26 05:20:46.891374,70dda94daee06d1aff4b5ffb
148.50.233.72.static.reverse.ltdomains.com,AVAILABILITY,origin.list,origin.list,2022-03-26 05:20:47.480104,70dda94daee06d1aff4b5ffb
14.red-80-35-228.staticip.rima-tde.net,AVAILABILITY,origin.list,origin.list,2022-03-26 05:20:54.122539,70dda94daee06d1aff4b5ffb
14.sharedsource.org,AVAILABILITY,origin.list,origin.list,2022-03-26 05:20:54.747052,70dda94daee06d1aff4b5ffb
14.sub-75-194-58.myvzw.com,AVAILABILITY,origin.list,origin.list,2022-03-26 05:20:56.339698,70dda94daee06d1aff4b5ffb
150-229-58-66.gci.net,AVAILABILITY,origin.list,origin.list,2022-03-26 05:20:56.394561,70dda94daee06d1aff4b5ffb
14.sub-70-222-13.myvzw.com,AVAILABILITY,origin.list,origin.list,2022-03-26 05:20:56.667190,70dda94daee06d1aff4b5ffb
150.sub-75-201-82.myvzw.com,AVAILABILITY,origin.list,origin.list,2022-03-26 05:21:02.907922,70dda94daee06d1aff4b5ffb
150.sub-75-218-203.myvzw.com,AVAILABILITY,origin.list,origin.list,2022-03-26 05:21:03.837344,70dda94daee06d1aff4b5ffb
151.172.36.72.static.reverse.ltdomains.com,AVAILABILITY,origin.list,origin.list,2022-03-26 05:21:11.368015,70dda94daee06d1aff4b5ffb
150.50.233.72.static.reverse.ltdomains.com,AVAILABILITY,origin.list,origin.list,2022-03-26 05:21:11.397917,70dda94daee06d1aff4b5ffb
151.sub-70-195-180.myvzw.com,AVAILABILITY,origin.list,origin.list,2022-03-26 05:21:12.858937,70dda94daee06d1aff4b5ffb
151.50.233.72.static.reverse.ltdomains.com,AVAILABILITY,origin.list,origin.list,2022-03-26 05:21:14.065201,70dda94daee06d1aff4b5ffb
151.sub-75-204-30.myvzw.com,AVAILABILITY,origin.list,origin.list,2022-03-26 05:21:18.920519,70dda94daee06d1aff4b5ffb
151.82.202.84.customer.cdi.no,AVAILABILITY,origin.list,origin.list,2022-03-26 05:21:20.970526,70dda94daee06d1aff4b5ffb
152.sub-70-211-173.myvzw.com,AVAILABILITY,origin.list,origin.list,2022-03-26 05:21:21.526343,70dda94daee06d1aff4b5ffb
152.sub-75-218-50.myvzw.com,AVAILABILITY,origin.list,origin.list,2022-03-26 05:21:29.001336,70dda94daee06d1aff4b5ffb
152.sub-75-236-246.myvzw.com,AVAILABILITY,origin.list,origin.list,2022-03-26 05:21:29.203006,70dda94daee06d1aff4b5ffb
152.hosting.ru,AVAILABILITY,origin.list,origin.list,2022-03-26 05:21:30.582762,70dda94daee06d1aff4b5ffb
152.186.202.84.customer.cdi.no,AVAILABILITY,origin.list,origin.list,2022-03-26 05:21:32.373840,70dda94daee06d1aff4b5ffb
153.los-angeles-11rh15rt.ca.dial-access.att.net,AVAILABILITY,origin.list,origin.list,2022-03-26 05:21:34.400471,70dda94daee06d1aff4b5ffb
154.182.48.60.brk02-home.tm.net.my,AVAILABILITY,origin.list,origin.list,2022-03-26 05:21:37.633681,70dda94daee06d1aff4b5ffb
153.191.232.72.static.reverse.ltdomains.com,AVAILABILITY,origin.list,origin.list,2022-03-26 05:21:38.811972,70dda94daee06d1aff4b5ffb
154-202.trifle.net,AVAILABILITY,origin.list,origin.list,2022-03-26 05:21:40.034037,70dda94daee06d1aff4b5ffb
154-225-133-95.pool.ukrtel.net,AVAILABILITY,origin.list,origin.list,2022-03-26 05:21:41.847822,70dda94daee06d1aff4b5ffb
154-34-215.ftth.xms.internl.net,AVAILABILITY,origin.list,origin.list,2022-03-26 05:21:45.811701,70dda94daee06d1aff4b5ffb
154.199.232.72.static.reverse.ltdomains.com,AVAILABILITY,origin.list,origin.list,2022-03-26 05:21:46.659394,70dda94daee06d1aff4b5ffb
1559.stats.misstrends.com,AVAILABILITY,origin.list,origin.list,2022-03-26 05:21:54.183907,70dda94daee06d1aff4b5ffb
154.50.233.72.static.reverse.ltdomains.com,AVAILABILITY,origin.list,origin.list,2022-03-26 05:21:57.733353,70dda94daee06d1aff4b5ffb
154.33.54.77.rev.vodafone.pt,AVAILABILITY,origin.list,origin.list,2022-03-26 05:21:57.985993,70dda94daee06d1aff4b5ffb
156.chicago-01rh15-16rt.il.dial-access.att.net,AVAILABILITY,origin.list,origin.list,2022-03-26 05:22:00.049298,70dda94daee06d1aff4b5ffb
155.191.232.72.static.reverse.ltdomains.com,AVAILABILITY,origin.list,origin.list,2022-03-26 05:22:02.135930,70dda94daee06d1aff4b5ffb
156.110.103.87.rev.vodafone.pt,AVAILABILITY,origin.list,origin.list,2022-03-26 05:22:03.866919,70dda94daee06d1aff4b5ffb
156.red-88-26-130.staticip.rima-tde.net,AVAILABILITY,origin.list,origin.list,2022-03-26 05:22:05.054284,70dda94daee06d1aff4b5ffb
156.sub-70-198-235.myvzw.com,AVAILABILITY,origin.list,origin.list,2022-03-26 05:22:06.832103,70dda94daee06d1aff4b5ffb
156.sub-70-221-181.myvzw.com,AVAILABILITY,origin.list,origin.list,2022-03-26 05:22:08.798214,70dda94daee06d1aff4b5ffb
157.74-54-92.telenet.ru,AVAILABILITY,origin.list,origin.list,2022-03-26 05:22:10.092469,70dda94daee06d1aff4b5ffb
157.red-88-31-2.staticip.rima-tde.net,AVAILABILITY,origin.list,origin.list,2022-03-26 05:22:13.266175,70dda94daee06d1aff4b5ffb
158.172-224-87.telenet.ru,AVAILABILITY,origin.list,origin.list,2022-03-26 05:22:13.342845,70dda94daee06d1aff4b5ffb
157.185.50.60.cbj01-home.tm.net.my,AVAILABILITY,origin.list,origin.list,2022-03-26 05:22:13.342853,70dda94daee06d1aff4b5ffb
158-35-215.ftth.xms.internl.net,AVAILABILITY,origin.list,origin.list,2022-03-26 05:22:16.445864,70dda94daee06d1aff4b5ffb
158.sub-75-222-100.myvzw.com,AVAILABILITY,origin.list,origin.list,2022-03-26 05:22:18.232507,70dda94daee06d1aff4b5ffb
159.sub-75-198-92.myvzw.com,AVAILABILITY,origin.list,origin.list,2022-03-26 05:22:20.368286,70dda94daee06d1aff4b5ffb
159-240.svr.royaume.com,AVAILABILITY,origin.list,origin.list,2022-03-26 05:22:20.767354,70dda94daee06d1aff4b5ffb
159.sub-75-215-212.myvzw.com,AVAILABILITY,origin.list,origin.list,2022-03-26 05:22:22.173935,70dda94daee06d1aff4b5ffb
159.sub-70-198-248.myvzw.com,AVAILABILITY,origin.list,origin.list,2022-03-26 05:22:22.771338,70dda94daee06d1aff4b5ffb
15min.it,AVAILABILITY,origin.list,origin.list,2022-03-26 05:22:25.203099,70dda94daee06d1aff4b5ffb
15.sub-75-218-241.myvzw.com,AVAILABILITY,origin.list,origin.list,2022-03-26 05:22:27.803951,70dda94daee06d1aff4b5ffb
160-146-42-72.gci.net,AVAILABILITY,origin.list,origin.list,2022-03-26 05:22:27.932265,70dda94daee06d1aff4b5ffb
15.sharedsource.org,AVAILABILITY,origin.list,origin.list,2022-03-26 05:22:27.969793,70dda94daee06d1aff4b5ffb
15.sub-75-222-33.myvzw.com,AVAILABILITY,origin.list,origin.list,2022-03-26 05:22:30.366095,70dda94daee06d1aff4b5ffb
160.los-angeles-11rh15rt.ca.dial-access.att.net,AVAILABILITY,origin.list,origin.list,2022-03-26 05:22:34.562016,70dda94daee06d1aff4b5ffb
160.sub-75-218-119.myvzw.com,AVAILABILITY,origin.list,origin.list,2022-03-26 05:22:35.896975,70dda94daee06d1aff4b5ffb
160.red-88-30-104.staticip.rima-tde.net,AVAILABILITY,origin.list,origin.list,2022-03-26 05:22:36.136826,70dda94daee06d1aff4b5ffb
161-253.dedicado.com.uy,AVAILABILITY,origin.list,origin.list,2022-03-26 05:22:36.294872,70dda94daee06d1aff4b5ffb
161.red-88-30-17.staticip.rima-tde.net,AVAILABILITY,origin.list,origin.list,2022-03-26 05:22:38.582806,70dda94daee06d1aff4b5ffb
161.sub-70-208-63.myvzw.com,AVAILABILITY,origin.list,origin.list,2022-03-26 05:22:41.588821,70dda94daee06d1aff4b5ffb
162.199.48.60.klj02-home.tm.net.my,AVAILABILITY,origin.list,origin.list,2022-03-26 05:22:42.892369,70dda94daee06d1aff4b5ffb
161.sub-75-222-238.myvzw.com,AVAILABILITY,origin.list,origin.list,2022-03-26 05:22:43.888352,70dda94daee06d1aff4b5ffb
162.red-88-25-156.staticip.rima-tde.net,AVAILABILITY,origin.list,origin.list,2022-03-26 05:22:47.219836,70dda94daee06d1aff4b5ffb
162.sub-75-215-192.myvzw.com,AVAILABILITY,origin.list,origin.list,2022-03-26 05:22:48.705114,70dda94daee06d1aff4b5ffb
162.sub-75-201-193.myvzw.com,AVAILABILITY,origin.list,origin.list,2022-03-26 05:22:50.331754,70dda94daee06d1aff4b5ffb
162.sub-75-219-70.myvzw.com,AVAILABILITY,origin.list,origin.list,2022-03-26 05:22:52.029961,70dda94daee06d1aff4b5ffb
162.254.232.72.static.reverse.ltdomains.com,AVAILABILITY,origin.list,origin.list,2022-03-26 05:22:53.454735,70dda94daee06d1aff4b5ffb
163.los-angeles-11rh15rt.ca.dial-access.att.net,AVAILABILITY,origin.list,origin.list,2022-03-26 05:22:59.285665,70dda94daee06d1aff4b5ffb
163.red-88-22-98.staticip.rima-tde.net,AVAILABILITY,origin.list,origin.list,2022-03-26 05:23:02.639357,70dda94daee06d1aff4b5ffb
163.254.232.72.static.reverse.ltdomains.com,AVAILABILITY,origin.list,origin.list,2022-03-26 05:23:04.899516,70dda94daee06d1aff4b5ffb
163.54.216.87.static.jazztel.es,AVAILABILITY,origin.list,origin.list,2022-03-26 05:23:06.201070,70dda94daee06d1aff4b5ffb
164.190.50.60.cbj01-home.tm.net.my,AVAILABILITY,origin.list,origin.list,2022-03-26 05:23:06.895174,70dda94daee06d1aff4b5ffb
163ns.com,AVAILABILITY,origin.list,origin.list,2022-03-26 05:23:07.998550,70dda94daee06d1aff4b5ffb
164.sub-70-208-206.myvzw.com,AVAILABILITY,origin.list,origin.list,2022-03-26 05:23:11.709897,70dda94daee06d1aff4b5ffb
166-186-42-89-cable.canals.ro,AVAILABILITY,origin.list,origin.list,2022-03-26 05:23:16.049371,70dda94daee06d1aff4b5ffb
165.173.36.72.static.reverse.ltdomains.com,AVAILABILITY,origin.list,origin.list,2022-03-26 05:23:21.500652,70dda94daee06d1aff4b5ffb
166.153.54.77.rev.vodafone.pt,AVAILABILITY,origin.list,origin.list,2022-03-26 05:23:25.541183,70dda94daee06d1aff4b5ffb
166.16.108.93.rev.vodafone.pt,AVAILABILITY,origin.list,origin.list,2022-03-26 05:23:26.047895,70dda94daee06d1aff4b5ffb
16.62.233.72.static.reverse.ltdomains.com,AVAILABILITY,origin.list,origin.list,2022-03-26 05:23:27.055985,70dda94daee06d1aff4b5ffb
1664.org,AVAILABILITY,origin.list,origin.list,2022-03-26 05:23:28.794329,70dda94daee06d1aff4b5ffb
166.los-angeles-11rh15rt.ca.dial-access.att.net,AVAILABILITY,origin.list,origin.list,2022-03-26 05:23:32.920247,70dda94daee06d1aff4b5ffb
16643.kit.carpediem.fr,AVAILABILITY,origin.list,origin.list,2022-03-26 05:23:33.725949,70dda94daee06d1aff4b5ffb
166pp.com,AVAILABILITY,origin.list,origin.list,2022-03-26 05:23:35.895538,70dda94daee06d1aff4b5ffb
166.sub-75-212-119.myvzw.com,AVAILABILITY,origin.list,origin.list,2022-03-26 05:23:36.579686,70dda94daee06d1aff4b5ffb
167.165-224-87.telenet.ru,AVAILABILITY,origin.list,origin.list,2022-03-26 05:23:36.736990,70dda94daee06d1aff4b5ffb
167.183-224-87.telenet.ru,AVAILABILITY,origin.list,origin.list,2022-03-26 05:23:40.453219,70dda94daee06d1aff4b5ffb
16755.dialer.lincassa.com,AVAILABILITY,origin.list,origin.list,2022-03-26 05:23:43.763944,70dda94daee06d1aff4b5ffb
168.112.207.net,AVAILABILITY,origin.list,origin.list,2022-03-26 05:23:45.397817,70dda94daee06d1aff4b5ffb
167.sub-75-203-78.myvzw.com,AVAILABILITY,origin.list,origin.list,2022-03-26 05:23:45.747767,70dda94daee06d1aff4b5ffb
168.112.2o7.net,AVAILABILITY,origin.list,origin.list,2022-03-26 05:23:46.263801,70dda94daee06d1aff4b5ffb
168-233.dedicado.com.uy,AVAILABILITY,origin.list,origin.list,2022-03-26 05:23:48.265471,70dda94daee06d1aff4b5ffb
16868.org,AVAILABILITY,origin.list,origin.list,2022-03-26 05:23:53.820165,70dda94daee06d1aff4b5ffb
168-92-146-160.ipv4.firstcomm.com,AVAILABILITY,origin.list,origin.list,2022-03-26 05:23:56.039777,70dda94daee06d1aff4b5ffb
169.109.48.60.brk01-home.tm.net.my,AVAILABILITY,origin.list,origin.list,2022-03-26 05:23:56.415184,70dda94daee06d1aff4b5ffb
168.red-80-24-154.staticip.rima-tde.net,AVAILABILITY,origin.list,origin.list,2022-03-26 05:23:56.981894,70dda94daee06d1aff4b5ffb
169.red-80-39-45.staticip.rima-tde.net,AVAILABILITY,origin.list,origin.list,2022-03-26 05:23:59.206655,70dda94daee06d1aff4b5ffb
169.sub-70-212-95.myvzw.com,AVAILABILITY,origin.list,origin.list,2022-03-26 05:24:03.127563,70dda94daee06d1aff4b5ffb
169.sub-75-214-91.myvzw.com,AVAILABILITY,origin.list,origin.list,2022-03-26 05:24:05.548897,70dda94daee06d1aff4b5ffb
16.red-212-78-145.user.auna.net,AVAILABILITY,origin.list,origin.list,2022-03-26 05:24:08.387573,70dda94daee06d1aff4b5ffb
16.sharedsource.org,AVAILABILITY,origin.list,origin.list,2022-03-26 05:24:09.570611,70dda94daee06d1aff4b5ffb
16.sub-75-236-153.myvzw.com,AVAILABILITY,origin.list,origin.list,2022-03-26 05:24:10.915636,70dda94daee06d1aff4b5ffb
16yd.com,AVAILABILITY,origin.list,origin.list,2022-03-26 05:24:12.126588,70dda94daee06d1aff4b5ffb
1704.de,AVAILABILITY,origin.list,origin.list,2022-03-26 05:24:18.538227,70dda94daee06d1aff4b5ffb
17067.dialer.lincassa.com,AVAILABILITY,origin.list,origin.list,2022-03-26 05:24:20.495613,70dda94daee06d1aff4b5ffb
170.232.232.72.static.reverse.ltdomains.com,AVAILABILITY,origin.list,origin.list,2022-03-26 05:24:24.881613,70dda94daee06d1aff4b5ffb
170.red-88-31-71.staticip.rima-tde.net,AVAILABILITY,origin.list,origin.list,2022-03-26 05:24:25.300829,70dda94daee06d1aff4b5ffb
170.47.103.87.rev.vodafone.pt,AVAILABILITY,origin.list,origin.list,2022-03-26 05:24:27.945274,70dda94daee06d1aff4b5ffb
170.sub-70-213-75.myvzw.com,AVAILABILITY,origin.list,origin.list,2022-03-26 05:24:30.198002,70dda94daee06d1aff4b5ffb
170.56.classcom.pl,AVAILABILITY,origin.list,origin.list,2022-03-26 05:24:30.484080,70dda94daee06d1aff4b5ffb
170.sub-75-206-120.myvzw.com,AVAILABILITY,origin.list,origin.list,2022-03-26 05:24:33.710336,70dda94daee06d1aff4b5ffb
170.sub-70-220-29.myvzw.com,AVAILABILITY,origin.list,origin.list,2022-03-26 05:24:34.018405,70dda94daee06d1aff4b5ffb
171.sub-75-205-191.myvzw.com,AVAILABILITY,origin.list,origin.list,2022-03-26 05:24:38.455966,70dda94daee06d1aff4b5ffb
171dl.com,AVAILABILITY,origin.list,origin.list,2022-03-26 05:24:38.530857,70dda94daee06d1aff4b5ffb
173-12-42-41-philadelphia.hfc.comcastbusiness.net,AVAILABILITY,origin.list,origin.list,2022-03-26 05:24:39.508093,70dda94daee06d1aff4b5ffb
173-14-48-65-michigan.hfc.comcastbusiness.net,AVAILABILITY,origin.list,origin.list,2022-03-26 05:24:41.644889,70dda94daee06d1aff4b5ffb
173-15-133-13-busname-philadelphia.hfc.comcastbusiness.net,AVAILABILITY,origin.list,origin.list,2022-03-26 05:24:44.611579,70dda94daee06d1aff4b5ffb
173-15-57-185-illinois.hfc.comcastbusiness.net,AVAILABILITY,origin.list,origin.list,2022-03-26 05:24:46.633697,70dda94daee06d1aff4b5ffb
173-15-3-37-illinois.hfc.comcastbusiness.net,AVAILABILITY,origin.list,origin.list,2022-03-26 05:24:48.437908,70dda94daee06d1aff4b5ffb
173.116.232.72.static.reverse.ltdomains.com,AVAILABILITY,origin.list,origin.list,2022-03-26 05:24:49.264057,70dda94daee06d1aff4b5ffb
173-16-134-229.client.mchsi.com,AVAILABILITY,origin.list,origin.list,2022-03-26 05:24:50.602228,70dda94daee06d1aff4b5ffb
173-16-137-75.client.mchsi.com,AVAILABILITY,origin.list,origin.list,2022-03-26 05:24:51.691565,70dda94daee06d1aff4b5ffb
173-17-189-162.client.mchsi.com,AVAILABILITY,origin.list,origin.list,2022-03-26 05:24:54.869623,70dda94daee06d1aff4b5ffb
173-16-44-169.client.mchsi.com,AVAILABILITY,origin.list,origin.list,2022-03-26 05:24:56.382176,70dda94daee06d1aff4b5ffb
173-163-151-27-cpennsylvania2.hfc.comcastbusiness.net,AVAILABILITY,origin.list,origin.list,2022-03-26 05:24:57.085859,70dda94daee06d1aff4b5ffb
173-17-151-241.client.mchsi.com,AVAILABILITY,origin.list,origin.list,2022-03-26 05:24:57.504712,70dda94daee06d1aff4b5ffb
173-17-38-121.client.mchsi.com,AVAILABILITY,origin.list,origin.list,2022-03-26 05:24:59.256255,70dda94daee06d1aff4b5ffb
173-17-99-170.client.mchsi.com,AVAILABILITY,origin.list,origin.list,2022-03-26 05:25:01.522554,70dda94daee06d1aff4b5ffb
173-18-2-17.client.mchsi.com,AVAILABILITY,origin.list,origin.list,2022-03-26 05:25:07.039186,70dda94daee06d1aff4b5ffb
173-19-138-86.client.mchsi.com,AVAILABILITY,origin.list,origin.list,2022-03-26 05:25:08.431624,70dda94daee06d1aff4b5ffb
173-18-96-66.client.mchsi.com,AVAILABILITY,origin.list,origin.list,2022-03-26 05:25:09.625512,70dda94daee06d1aff4b5ffb
173-18-103-201.client.mchsi.com,AVAILABILITY,origin.list,origin.list,2022-03-26 05:25:09.756969,70dda94daee06d1aff4b5ffb
173-19-26-252.client.mchsi.com,AVAILABILITY,origin.list,origin.list,2022-03-26 05:25:14.030826,70dda94daee06d1aff4b5ffb
173-20-137-120.client.mchsi.com,AVAILABILITY,origin.list,origin.list,2022-03-26 05:25:18.137233,70dda94daee06d1aff4b5ffb
173-21-231-180.client.mchsi.com,AVAILABILITY,origin.list,origin.list,2022-03-26 05:25:19.466121,70dda94daee06d1aff4b5ffb
173-22-33-201.client.mchsi.com,AVAILABILITY,origin.list,origin.list,2022-03-26 05:25:20.672802,70dda94daee06d1aff4b5ffb
173-21-76-39.client.mchsi.com,AVAILABILITY,origin.list,origin.list,2022-03-26 05:25:21.840966,70dda94daee06d1aff4b5ffb
173-22-56-250.client.mchsi.com,AVAILABILITY,origin.list,origin.list,2022-03-26 05:25:22.911421,70dda94daee06d1aff4b5ffb
173-22-59-247.client.mchsi.com,AVAILABILITY,origin.list,origin.list,2022-03-26 05:25:28.725785,70dda94daee06d1aff4b5ffb
173-22-63-196.client.mchsi.com,AVAILABILITY,origin.list,origin.list,2022-03-26 05:25:28.832175,70dda94daee06d1aff4b5ffb
173-22-59-251.client.mchsi.com,AVAILABILITY,origin.list,origin.list,2022-03-26 05:25:29.773246,70dda94daee06d1aff4b5ffb
173-23-110-222.client.mchsi.com,AVAILABILITY,origin.list,origin.list,2022-03-26 05:25:31.311903,70dda94daee06d1aff4b5ffb
173-22-63-235.client.mchsi.com,AVAILABILITY,origin.list,origin.list,2022-03-26 05:25:34.010586,70dda94daee06d1aff4b5ffb
173-25-170-173.client.mchsi.com,AVAILABILITY,origin.list,origin.list,2022-03-26 05:25:37.787619,70dda94daee06d1aff4b5ffb
173-24-245-171.client.mchsi.com,AVAILABILITY,origin.list,origin.list,2022-03-26 05:25:37.975722,70dda94daee06d1aff4b5ffb
173-26-122-222.client.mchsi.com,AVAILABILITY,origin.list,origin.list,2022-03-26 05:25:38.238606,70dda94daee06d1aff4b5ffb
173-26-131-99.client.mchsi.com,AVAILABILITY,origin.list,origin.list,2022-03-26 05:25:41.924446,70dda94daee06d1aff4b5ffb
173-27-102-83.client.mchsi.com,AVAILABILITY,origin.list,origin.list,2022-03-26 05:25:43.803647,70dda94daee06d1aff4b5ffb
173-27-244-99.client.mchsi.com,AVAILABILITY,origin.list,origin.list,2022-03-26 05:25:43.865766,70dda94daee06d1aff4b5ffb
173-26-44-80.client.mchsi.com,AVAILABILITY,origin.list,origin.list,2022-03-26 05:25:43.929304,70dda94daee06d1aff4b5ffb
173-28-104-118.client.mchsi.com,AVAILABILITY,origin.list,origin.list,2022-03-26 05:25:46.032686,70dda94daee06d1aff4b5ffb
173-28-162-255.client.mchsi.com,AVAILABILITY,origin.list,origin.list,2022-03-26 05:25:50.452685,70dda94daee06d1aff4b5ffb
173-28-55-189.client.mchsi.com,AVAILABILITY,origin.list,origin.list,2022-03-26 05:25:50.461284,70dda94daee06d1aff4b5ffb
173-28-164-168.client.mchsi.com,AVAILABILITY,origin.list,origin.list,2022-03-26 05:25:52.205007,70dda94daee06d1aff4b5ffb
173-28-162-65.client.mchsi.com,AVAILABILITY,origin.list,origin.list,2022-03-26 05:25:54.856770,70dda94daee06d1aff4b5ffb
173-28-94-124.client.mchsi.com,AVAILABILITY,origin.list,origin.list,2022-03-26 05:25:54.938394,70dda94daee06d1aff4b5ffb
173-29-26-61.client.mchsi.com,AVAILABILITY,origin.list,origin.list,2022-03-26 05:25:58.536628,70dda94daee06d1aff4b5ffb
173-30-136-86.client.mchsi.com,AVAILABILITY,origin.list,origin.list,2022-03-26 05:25:59.501877,70dda94daee06d1aff4b5ffb
173-29-3-194.client.mchsi.com,AVAILABILITY,origin.list,origin.list,2022-03-26 05:26:00.199552,70dda94daee06d1aff4b5ffb
173-30-231-168.client.mchsi.com,AVAILABILITY,origin.list,origin.list,2022-03-26 05:26:04.353837,70dda94daee06d1aff4b5ffb
173-31-135-104.client.mchsi.com,AVAILABILITY,origin.list,origin.list,2022-03-26 05:26:04.569400,70dda94daee06d1aff4b5ffb
173-9-176-118-miami.txt.hfc.comcastbusiness.net,AVAILABILITY,origin.list,origin.list,2022-03-26 05:26:07.656594,70dda94daee06d1aff4b5ffb
173-9-224-35-illinois.hfc.comcastbusiness.net,AVAILABILITY,origin.list,origin.list,2022-03-26 05:26:08.352902,70dda94daee06d1aff4b5ffb
173-31-208-81.client.mchsi.com,AVAILABILITY,origin.list,origin.list,2022-03-26 05:26:08.507223,70dda94daee06d1aff4b5ffb
174-127-50-58.static-ip.telepacific.net,AVAILABILITY,origin.list,origin.list,2022-03-26 05:26:16.590701,70dda94daee06d1aff4b5ffb
174.sub-70-218-143.myvzw.com,AVAILABILITY,origin.list,origin.list,2022-03-26 05:26:16.812475,70dda94daee06d1aff4b5ffb
174-224-114-217.fttb.ur.ru,AVAILABILITY,origin.list,origin.list,2022-03-26 05:26:18.751587,70dda94daee06d1aff4b5ffb
175.148-224-87.telenet.ru,AVAILABILITY,origin.list,origin.list,2022-03-26 05:26:20.439576,70dda94daee06d1aff4b5ffb
174.20.28.72.cpe.echoes.net,AVAILABILITY,origin.list,origin.list,2022-03-26 05:26:26.361435,70dda94daee06d1aff4b5ffb
