idna_subject,checker_type,destination,tested_at
245-86-179-94.pool.ukrtel.net,AVAILABILITY,origin.list,2023-04-20 06:04:56.066738
213-21-179-94.pool.ukrtel.net,AVAILABILITY,origin.list,2023-04-20 06:04:56.370417
203-65-113-92.pool.ukrtel.net,AVAILABILITY,origin.list,2023-04-20 06:04:56.408465
41-152-132-95.pool.ukrtel.net,AVAILABILITY,origin.list,2023-04-20 06:04:56.430413
57-226-124-91.pool.ukrtel.net,AVAILABILITY,origin.list,2023-04-20 06:04:56.483973
140-189-179-94.pool.ukrtel.net,AVAILABILITY,origin.list,2023-04-20 06:04:56.787563
57-250-113-92.pool.ukrtel.net,AVAILABILITY,origin.list,2023-04-20 06:04:56.824619
158-41-179-94.pool.ukrtel.net,AVAILABILITY,origin.list,2023-04-20 06:04:56.848105
60-234-124-91.pool.ukrtel.net,AVAILABILITY,origin.list,2023-04-20 06:04:56.907862
153-129-133-95.pool.ukrtel.net,AVAILABILITY,origin.list,2023-04-20 06:04:57.224898
3aikido.media-toolbar.com,AVAILABILITY,origin.list,2023-04-20 06:04:57.247814
141-163-133-95.pool.ukrtel.net,AVAILABILITY,origin.list,2023-04-20 06:04:57.267582
12-24-179-94.pool.ukrtel.net,AVAILABILITY,origin.list,2023-04-20 06:04:57.328948
111-65-178-94.pool.ukrtel.net,AVAILABILITY,origin.list,2023-04-20 06:04:57.662279
4com.media-toolbar.com,AVAILABILITY,origin.list,2023-04-20 06:04:57.668071
142-162-132-95.pool.ukrtel.net,AVAILABILITY,origin.list,2023-04-20 06:04:57.698024
162-120-133-95.pool.ukrtel.net,AVAILABILITY,origin.list,2023-04-20 06:04:57.749020
16-224-133-95.pool.ukrtel.net,AVAILABILITY,origin.list,2023-04-20 06:04:58.108826
184-84-178-94.pool.ukrtel.net,AVAILABILITY,origin.list,2023-04-20 06:04:58.111337
123-31-112-92.pool.ukrtel.net,AVAILABILITY,origin.list,2023-04-20 06:04:58.126442
10-211-133-95.pool.ukrtel.net,AVAILABILITY,origin.list,2023-04-20 06:04:58.187623
201-213-181-106.net.prima.net.ar,AVAILABILITY,origin.list,2023-04-20 06:04:58.558745
33-155-221-66.cust.propagation.net,AVAILABILITY,origin.list,2023-04-20 06:04:58.580383
201-213-201-18.net.prima.net.ar,AVAILABILITY,origin.list,2023-04-20 06:04:58.584418
201-213-203-106.net.prima.net.ar,AVAILABILITY,origin.list,2023-04-20 06:04:58.615389
201-213-212-94.net.prima.net.ar,AVAILABILITY,origin.list,2023-04-20 06:04:59.011706
201-213-230-52.net.prima.net.ar,AVAILABILITY,origin.list,2023-04-20 06:04:59.023429
201-213-191-131.net.prima.net.ar,AVAILABILITY,origin.list,2023-04-20 06:04:59.061461
11fens.mycitytoolbar.com,AVAILABILITY,origin.list,2023-04-20 06:04:59.166727
201-213-214-65.net.prima.net.ar,AVAILABILITY,origin.list,2023-04-20 06:04:59.438208
201-213-177-203.net.prima.net.ar,AVAILABILITY,origin.list,2023-04-20 06:04:59.472581
200-50-103-146.static.tie.cl,AVAILABILITY,origin.list,2023-04-20 06:04:59.482288
200-42-181-157.static.tie.cl,AVAILABILITY,origin.list,2023-04-20 06:04:59.587292
201-213-181-78.net.prima.net.ar,AVAILABILITY,origin.list,2023-04-20 06:04:59.875710
201-213-240-212.net.prima.net.ar,AVAILABILITY,origin.list,2023-04-20 06:04:59.904591
200-54-129-117.static.tie.cl,AVAILABILITY,origin.list,2023-04-20 06:04:59.912045
203-174-83-75.rev.ne.com.sg,AVAILABILITY,origin.list,2023-04-20 06:05:00.011031
201-213-132-159.net.prima.net.ar,AVAILABILITY,origin.list,2023-04-20 06:05:00.329466
201-213-159-100.net.prima.net.ar,AVAILABILITY,origin.list,2023-04-20 06:05:00.340603
200-50-100-191.static.tie.cl,AVAILABILITY,origin.list,2023-04-20 06:05:00.354986
201-213-23-59.net.prima.net.ar,AVAILABILITY,origin.list,2023-04-20 06:05:00.442525
201-213-140-54.net.prima.net.ar,AVAILABILITY,origin.list,2023-04-20 06:05:00.776698
200-50-101-13.static.tie.cl,AVAILABILITY,origin.list,2023-04-20 06:05:00.797332
11bgencligi.mylibrarytoolbar.com,AVAILABILITY,origin.list,2023-04-20 06:05:00.842298
201-213-109-47.net.prima.net.ar,AVAILABILITY,origin.list,2023-04-20 06:05:00.864818
201-213-25-164.net.prima.net.ar,AVAILABILITY,origin.list,2023-04-20 06:05:01.221485
203-174-83-55.rev.ne.com.sg,AVAILABILITY,origin.list,2023-04-20 06:05:01.237487
201-213-215-168.net.prima.net.ar,AVAILABILITY,origin.list,2023-04-20 06:05:01.277983
201-213-251-10.net.prima.net.ar,AVAILABILITY,origin.list,2023-04-20 06:05:01.301100
201-213-214-99.net.prima.net.ar,AVAILABILITY,origin.list,2023-04-20 06:05:01.631391
201-213-214-101.net.prima.net.ar,AVAILABILITY,origin.list,2023-04-20 06:05:01.701346
201-213-215-243.net.prima.net.ar,AVAILABILITY,origin.list,2023-04-20 06:05:01.705641
201-213-25-166.net.prima.net.ar,AVAILABILITY,origin.list,2023-04-20 06:05:01.713590
201-213-241-39.net.prima.net.ar,AVAILABILITY,origin.list,2023-04-20 06:05:01.750181
201-213-248-233.net.prima.net.ar,AVAILABILITY,origin.list,2023-04-20 06:05:02.068644
201-213-214-16.net.prima.net.ar,AVAILABILITY,origin.list,2023-04-20 06:05:02.168883
207-150-133-95.pool.ukrtel.net,AVAILABILITY,origin.list,2023-04-20 06:05:02.188708
555.myblogtoolbar.com,AVAILABILITY,origin.list,2023-04-20 06:05:02.263219
40bayir.myblogtoolbar.com,AVAILABILITY,origin.list,2023-04-20 06:05:02.333253
201-213-215-149.net.prima.net.ar,AVAILABILITY,origin.list,2023-04-20 06:05:02.519672
201-213-156-206.net.prima.net.ar,AVAILABILITY,origin.list,2023-04-20 06:05:02.647268
201-213-148-243.net.prima.net.ar,AVAILABILITY,origin.list,2023-04-20 06:05:02.648633
202-98-132-95.pool.ukrtel.net,AVAILABILITY,origin.list,2023-04-20 06:05:02.731989
201-213-255-39.net.prima.net.ar,AVAILABILITY,origin.list,2023-04-20 06:05:02.815024
201-213-215-182.net.prima.net.ar,AVAILABILITY,origin.list,2023-04-20 06:05:02.970609
201-213-240-46.net.prima.net.ar,AVAILABILITY,origin.list,2023-04-20 06:05:03.093545
201-213-230-83.net.prima.net.ar,AVAILABILITY,origin.list,2023-04-20 06:05:03.133402
201-213-48-44.net.prima.net.ar,AVAILABILITY,origin.list,2023-04-20 06:05:03.225394
201-213-248-230.net.prima.net.ar,AVAILABILITY,origin.list,2023-04-20 06:05:03.261464
201-213-215-166.net.prima.net.ar,AVAILABILITY,origin.list,2023-04-20 06:05:03.457432
203-199.126-70.tampabay.res.rr.com,AVAILABILITY,origin.list,2023-04-20 06:05:03.555612
207-255-85-253-dhcp.aoo.pa.atlanticbb.net,AVAILABILITY,origin.list,2023-04-20 06:05:03.648400
201-213-107-43.net.prima.net.ar,AVAILABILITY,origin.list,2023-04-20 06:05:03.722811
201-213-157-100.net.prima.net.ar,AVAILABILITY,origin.list,2023-04-20 06:05:03.725020
21-236-124-91.pool.ukrtel.net,AVAILABILITY,origin.list,2023-04-20 06:05:03.919218
207-255-35-042-dhcp.aoo.pa.atlanticbb.net,AVAILABILITY,origin.list,2023-04-20 06:05:03.973545
201-213-72-205.net.prima.net.ar,AVAILABILITY,origin.list,2023-04-20 06:05:04.084518
226-89-133-95.pool.ukrtel.net,AVAILABILITY,origin.list,2023-04-20 06:05:04.170302
201-213-96-23.net.prima.net.ar,AVAILABILITY,origin.list,2023-04-20 06:05:04.195531
205-92-113-92.pool.ukrtel.net,AVAILABILITY,origin.list,2023-04-20 06:05:04.418955
205-97.127-70.tampabay.res.rr.com,AVAILABILITY,origin.list,2023-04-20 06:05:04.458859
201-213-97-214.net.prima.net.ar,AVAILABILITY,origin.list,2023-04-20 06:05:04.541983
213-74-133-95.pool.ukrtel.net,AVAILABILITY,origin.list,2023-04-20 06:05:04.639310
201-213-43-108.net.prima.net.ar,AVAILABILITY,origin.list,2023-04-20 06:05:04.641124
201-213-55-91.net.prima.net.ar,AVAILABILITY,origin.list,2023-04-20 06:05:04.856186
3.coolerpillow.com,AVAILABILITY,origin.list,2023-04-20 06:05:04.948905
207-255-6-071-static.jst.pa.atlanticbb.net,AVAILABILITY,origin.list,2023-04-20 06:05:04.958590
207-255-141-194-dhcp.bfd.pa.atlanticbb.net,AVAILABILITY,origin.list,2023-04-20 06:05:05.067417
201-213-125-245.net.prima.net.ar,AVAILABILITY,origin.list,2023-04-20 06:05:05.113970
225-175.dr.cgocable.ca,AVAILABILITY,origin.list,2023-04-20 06:05:05.305747
217-208-138-219-no14.tbcn.telia.com,AVAILABILITY,origin.list,2023-04-20 06:05:05.386490
207-255-68-141-dhcp.aoo.pa.atlanticbb.net,AVAILABILITY,origin.list,2023-04-20 06:05:05.394326
201-213-252-42.net.prima.net.ar,AVAILABILITY,origin.list,2023-04-20 06:05:05.512971
204-226.97-97.tampabay.res.rr.com,AVAILABILITY,origin.list,2023-04-20 06:05:05.541116
211.14-218-195.catv.internet.lu,AVAILABILITY,origin.list,2023-04-20 06:05:05.757887
236-253-133-95.pool.ukrtel.net,AVAILABILITY,origin.list,2023-04-20 06:05:05.829731
210-126-17-190.fibertel.com.ar,AVAILABILITY,origin.list,2023-04-20 06:05:05.875170
22-121-133-95.pool.ukrtel.net,AVAILABILITY,origin.list,2023-04-20 06:05:05.955742
212-217-231-201.fibertel.com.ar,AVAILABILITY,origin.list,2023-04-20 06:05:05.988428
212-183-88-33.adsl.highway.telekom.at,AVAILABILITY,origin.list,2023-04-20 06:05:06.194652
209-231-114-200.fibertel.com.ar,AVAILABILITY,origin.list,2023-04-20 06:05:06.256640
226-142-112-92.pool.ukrtel.net,AVAILABILITY,origin.list,2023-04-20 06:05:06.297778
211-49-231-201.fibertel.com.ar,AVAILABILITY,origin.list,2023-04-20 06:05:06.428078
203-174-231-201.fibertel.com.ar,AVAILABILITY,origin.list,2023-04-20 06:05:06.437696
232-239-133-95.pool.ukrtel.net,AVAILABILITY,origin.list,2023-04-20 06:05:06.618389
201-213-108-157.net.prima.net.ar,AVAILABILITY,origin.list,2023-04-20 06:05:06.698503
220-166.106-97.tampabay.res.rr.com,AVAILABILITY,origin.list,2023-04-20 06:05:06.739354
212-183-95-201.adsl.highway.telekom.at,AVAILABILITY,origin.list,2023-04-20 06:05:06.898629
210-222-231-201.fibertel.com.ar,AVAILABILITY,origin.list,2023-04-20 06:05:06.898739
213-33-10-217.adsl.highway.telekom.at,AVAILABILITY,origin.list,2023-04-20 06:05:07.054099
22-148.187-72.tampabay.res.rr.com,AVAILABILITY,origin.list,2023-04-20 06:05:07.140767
222-106.202-68.tampabay.res.rr.com,AVAILABILITY,origin.list,2023-04-20 06:05:07.164259
239-101.187-72.tampabay.res.rr.com,AVAILABILITY,origin.list,2023-04-20 06:05:07.337641
217-119-149-71.sefanet.ch,AVAILABILITY,origin.list,2023-04-20 06:05:07.350159
22-140-126-200.fibertel.com.ar,AVAILABILITY,origin.list,2023-04-20 06:05:07.508495
209-199-17-190.fibertel.com.ar,AVAILABILITY,origin.list,2023-04-20 06:05:07.605366
202-153-214-211.cust.aussiebb.net,AVAILABILITY,origin.list,2023-04-20 06:05:07.606940
24-122-200-233.dr.cgocable.ca,AVAILABILITY,origin.list,2023-04-20 06:05:07.764935
22-120.126-70.tampabay.res.rr.com,AVAILABILITY,origin.list,2023-04-20 06:05:07.796226
229-236.127-70.tampabay.res.rr.com,AVAILABILITY,origin.list,2023-04-20 06:05:07.933523
24-117-114-227.cpe.cableone.net,AVAILABILITY,origin.list,2023-04-20 06:05:08.022250
225-222-231-201.fibertel.com.ar,AVAILABILITY,origin.list,2023-04-20 06:05:08.056928
218-223-231-201.fibertel.com.ar,AVAILABILITY,origin.list,2023-04-20 06:05:08.203223
2-215-114-200.fibertel.com.ar,AVAILABILITY,origin.list,2023-04-20 06:05:08.235847
24-117-233-191.cpe.cableone.net,AVAILABILITY,origin.list,2023-04-20 06:05:08.348870
200-90-171-134.static.tie.cl,AVAILABILITY,origin.list,2023-04-20 06:05:08.474976
221-56-231-201.fibertel.com.ar,AVAILABILITY,origin.list,2023-04-20 06:05:08.484783
232-151.200-68.tampabay.res.rr.com,AVAILABILITY,origin.list,2023-04-20 06:05:08.648627
225-210-114-200.fibertel.com.ar,AVAILABILITY,origin.list,2023-04-20 06:05:08.665707
228-169-114-200.fibertel.com.ar,AVAILABILITY,origin.list,2023-04-20 06:05:08.772227
24-116-145-198.cpe.cableone.net,AVAILABILITY,origin.list,2023-04-20 06:05:08.940797
24-117-239-165.cpe.cableone.net,AVAILABILITY,origin.list,2023-04-20 06:05:08.942382
238.14-218-195.catv.internet.lu,AVAILABILITY,origin.list,2023-04-20 06:05:09.075789
219-206-114-200.fibertel.com.ar,AVAILABILITY,origin.list,2023-04-20 06:05:09.078237
24-116-226-7.cpe.cableone.net,AVAILABILITY,origin.list,2023-04-20 06:05:09.188702
24-117-12-48.cpe.cableone.net,AVAILABILITY,origin.list,2023-04-20 06:05:09.388706
24-117-242-185.cpe.cableone.net,AVAILABILITY,origin.list,2023-04-20 06:05:09.405111
24-117-142-140.cpe.cableone.net,AVAILABILITY,origin.list,2023-04-20 06:05:09.504809
228-79-231-201.fibertel.com.ar,AVAILABILITY,origin.list,2023-04-20 06:05:09.506212
24-117-42-251.cpe.cableone.net,AVAILABILITY,origin.list,2023-04-20 06:05:09.618573
200-54-139-74.static.tie.cl,AVAILABILITY,origin.list,2023-04-20 06:05:09.836709
24-122-120-228.ae.cgocable.ca,AVAILABILITY,origin.list,2023-04-20 06:05:09.843802
24-49-241-35.sg.cgocable.ca,AVAILABILITY,origin.list,2023-04-20 06:05:09.932452
246-112-133-95.pool.ukrtel.net,AVAILABILITY,origin.list,2023-04-20 06:05:09.934400
222-73.187-72.tampabay.res.rr.com,AVAILABILITY,origin.list,2023-04-20 06:05:10.036730
200-90-170-34.static.tie.cl,AVAILABILITY,origin.list,2023-04-20 06:05:10.270497
22-68-231-201.fibertel.com.ar,AVAILABILITY,origin.list,2023-04-20 06:05:10.298654
24-117-114-192.cpe.cableone.net,AVAILABILITY,origin.list,2023-04-20 06:05:10.370348
24-119-209-118.cpe.cableone.net,AVAILABILITY,origin.list,2023-04-20 06:05:10.378055
24-230-203-77.dr.cgocable.ca,AVAILABILITY,origin.list,2023-04-20 06:05:10.457739
24-122-200-4.dr.cgocable.ca,AVAILABILITY,origin.list,2023-04-20 06:05:10.727914
24-122-73-145.tr.cgocable.ca,AVAILABILITY,origin.list,2023-04-20 06:05:10.754794
24-166.97-97.tampabay.res.rr.com,AVAILABILITY,origin.list,2023-04-20 06:05:10.798675
24-116-106-167.cpe.cableone.net,AVAILABILITY,origin.list,2023-04-20 06:05:10.802045
24-122-214-157.ae.cgocable.ca,AVAILABILITY,origin.list,2023-04-20 06:05:10.881072
231-132-231-201.fibertel.com.ar,AVAILABILITY,origin.list,2023-04-20 06:05:11.209751
239-50-231-201.fibertel.com.ar,AVAILABILITY,origin.list,2023-04-20 06:05:11.214628
24-230-239-229.hy.cgocable.ca,AVAILABILITY,origin.list,2023-04-20 06:05:11.269593
24-116-63-154.cpe.cableone.net,AVAILABILITY,origin.list,2023-04-20 06:05:11.303371
211-19-211-174.parkcity.ne.jp,AVAILABILITY,origin.list,2023-04-20 06:05:11.326201
24-230-246-11.hy.cgocable.ca,AVAILABILITY,origin.list,2023-04-20 06:05:11.679148
24-230-253-199.ma.cgocable.ca,AVAILABILITY,origin.list,2023-04-20 06:05:11.701872
24-119-132-187.cpe.cableone.net,AVAILABILITY,origin.list,2023-04-20 06:05:11.748135
24-122-218-24.si.cgocable.ca,AVAILABILITY,origin.list,2023-04-20 06:05:11.759213
251-34-133-95.pool.ukrtel.net,AVAILABILITY,origin.list,2023-04-20 06:05:11.783718
237-232.35-65.tampabay.res.rr.com,AVAILABILITY,origin.list,2023-04-20 06:05:12.162333
24-226-189-49.tr.cgocable.ca,AVAILABILITY,origin.list,2023-04-20 06:05:12.190322
24-145-121-232-dhcp.bfd.pa.atlanticbb.net,AVAILABILITY,origin.list,2023-04-20 06:05:12.226021
251-182-133-95.pool.ukrtel.net,AVAILABILITY,origin.list,2023-04-20 06:05:12.257543
24-122-165-179.sh.cgocable.ca,AVAILABILITY,origin.list,2023-04-20 06:05:12.259570
24-122-233-242.tr.cgocable.ca,AVAILABILITY,origin.list,2023-04-20 06:05:12.651576
24-145-67-088-dhcp.mia.fl.atlanticbb.net,AVAILABILITY,origin.list,2023-04-20 06:05:12.677480
24-49-252-95.ae.cgocable.ca,AVAILABILITY,origin.list,2023-04-20 06:05:12.732792
24-117-234-37.cpe.cableone.net,AVAILABILITY,origin.list,2023-04-20 06:05:12.735504
247help-desk.com,AVAILABILITY,origin.list,2023-04-20 06:05:12.769223
252-173-132-95.pool.ukrtel.net,AVAILABILITY,origin.list,2023-04-20 06:05:13.081521
244-193.126-70.tampabay.res.rr.com,AVAILABILITY,origin.list,2023-04-20 06:05:13.129627
49.137-62-69.ftth.swbr.surewest.net,AVAILABILITY,origin.list,2023-04-20 06:05:13.180355
24-230-242-35.hy.cgocable.ca,AVAILABILITY,origin.list,2023-04-20 06:05:13.192355
25-41.35-65.tampabay.res.rr.com,AVAILABILITY,origin.list,2023-04-20 06:05:13.213648
33-94-134-95.pool.ukrtel.net,AVAILABILITY,origin.list,2023-04-20 06:05:13.527904
54-69.ae.cgocable.ca,AVAILABILITY,origin.list,2023-04-20 06:05:13.562983
25-1.127-70.tampabay.res.rr.com,AVAILABILITY,origin.list,2023-04-20 06:05:13.624535
250-131.106-97.tampabay.res.rr.com,AVAILABILITY,origin.list,2023-04-20 06:05:13.633392
24-54-25-199.mg.cgocable.ca,AVAILABILITY,origin.list,2023-04-20 06:05:13.641366
25-201-235-201.fibertel.com.ar,AVAILABILITY,origin.list,2023-04-20 06:05:13.989904
253-176.ri.cgocable.ca,AVAILABILITY,origin.list,2023-04-20 06:05:14.021053
242-222-231-201.fibertel.com.ar,AVAILABILITY,origin.list,2023-04-20 06:05:14.091261
248-190.126-70.tampabay.res.rr.com,AVAILABILITY,origin.list,2023-04-20 06:05:14.118835
252-18-231-201.fibertel.com.ar,AVAILABILITY,origin.list,2023-04-20 06:05:14.123798
46-221-231-201.fibertel.com.ar,AVAILABILITY,origin.list,2023-04-20 06:05:14.459196
33-253.186-72.tampabay.res.rr.com,AVAILABILITY,origin.list,2023-04-20 06:05:14.497218
61-144-126-200.fibertel.com.ar,AVAILABILITY,origin.list,2023-04-20 06:05:14.513167
247-199.126-70.tampabay.res.rr.com,AVAILABILITY,origin.list,2023-04-20 06:05:14.555469
3-221-231-201.fibertel.com.ar,AVAILABILITY,origin.list,2023-04-20 06:05:14.571560
25-235.200-68.tampabay.res.rr.com,AVAILABILITY,origin.list,2023-04-20 06:05:14.907329
46-188-231-201.fibertel.com.ar,AVAILABILITY,origin.list,2023-04-20 06:05:14.957714
43-69.97-97.tampabay.res.rr.com,AVAILABILITY,origin.list,2023-04-20 06:05:14.964618
31-203.97-97.tampabay.res.rr.com,AVAILABILITY,origin.list,2023-04-20 06:05:14.998718
26-177-16-190.fibertel.com.ar,AVAILABILITY,origin.list,2023-04-20 06:05:15.002796
37-221-231-201.fibertel.com.ar,AVAILABILITY,origin.list,2023-04-20 06:05:15.339391
66-162-43-72.static.twtelecom.net,AVAILABILITY,origin.list,2023-04-20 06:05:15.404636
38-17-231-201.fibertel.com.ar,AVAILABILITY,origin.list,2023-04-20 06:05:15.422329
32-157-231-201.fibertel.com.ar,AVAILABILITY,origin.list,2023-04-20 06:05:15.451205
47-156-114-200.fibertel.com.ar,AVAILABILITY,origin.list,2023-04-20 06:05:15.453799
094.104-113-64.ftth.swbr.surewest.net,AVAILABILITY,origin.list,2023-04-20 06:05:15.768616
64-132-156-50.static.twtelecom.net,AVAILABILITY,origin.list,2023-04-20 06:05:15.834367
59-188-9-234.simlink.com,AVAILABILITY,origin.list,2023-04-20 06:05:15.868116
26-28-231-201.fibertel.com.ar,AVAILABILITY,origin.list,2023-04-20 06:05:15.899684
6-157-231-201.fibertel.com.ar,AVAILABILITY,origin.list,2023-04-20 06:05:15.909306
164.221132175.m-net.ne.jp,AVAILABILITY,origin.list,2023-04-20 06:05:16.182086
61.221.50.60.cbj04-home.tm.net.my,AVAILABILITY,origin.list,2023-04-20 06:05:16.271473
62.183.2.136.modem-pool.kuban.ru,AVAILABILITY,origin.list,2023-04-20 06:05:16.294150
62.183.2.41.modem-pool.kuban.ru,AVAILABILITY,origin.list,2023-04-20 06:05:16.336156
013.219113103.m-net.ne.jp,AVAILABILITY,origin.list,2023-04-20 06:05:16.349551
55-82-17-190.fibertel.com.ar,AVAILABILITY,origin.list,2023-04-20 06:05:16.708938
046.221132170.m-net.ne.jp,AVAILABILITY,origin.list,2023-04-20 06:05:16.718574
62.183.2.18.modem-pool.kuban.ru,AVAILABILITY,origin.list,2023-04-20 06:05:16.770122
63-206-124-91.pool.ukrtel.net,AVAILABILITY,origin.list,2023-04-20 06:05:16.776086
203-204-110-98.adsl.static.giga.net.tw,AVAILABILITY,origin.list,2023-04-20 06:05:17.150918
62.183.2.60.modem-pool.kuban.ru,AVAILABILITY,origin.list,2023-04-20 06:05:17.157886
203-204-204-179.adsl.static.giga.net.tw,AVAILABILITY,origin.list,2023-04-20 06:05:17.208051
62.183.3.125.modem-pool.kuban.ru,AVAILABILITY,origin.list,2023-04-20 06:05:17.215167
200.124-113-64.ftth.swbr.surewest.net,AVAILABILITY,origin.list,2023-04-20 06:05:17.606420
6-242.97-97.tampabay.res.rr.com,AVAILABILITY,origin.list,2023-04-20 06:05:17.607589
62.183.3.86.modem-pool.kuban.ru,AVAILABILITY,origin.list,2023-04-20 06:05:17.664638
11163221-517901.c.adprotect.net,AVAILABILITY,origin.list,2023-04-20 06:05:17.686845
203-204-230-28.adsl.static.giga.net.tw,AVAILABILITY,origin.list,2023-04-20 06:05:18.040140
62.183.2.135.modem-pool.kuban.ru,AVAILABILITY,origin.list,2023-04-20 06:05:18.073803
144.130-62-69.ftth.swbr.surewest.net,AVAILABILITY,origin.list,2023-04-20 06:05:18.087987
64-175-137-108.abps.org,AVAILABILITY,origin.list,2023-04-20 06:05:18.116677
1-16-178-94.pool.ukrtel.net,AVAILABILITY,origin.list,2023-04-20 06:05:18.491823
175-239-133-95.pool.ukrtel.net,AVAILABILITY,origin.list,2023-04-20 06:05:18.524194
105-201-113-92.pool.ukrtel.net,AVAILABILITY,origin.list,2023-04-20 06:05:18.553038
175-5-132-95.pool.ukrtel.net,AVAILABILITY,origin.list,2023-04-20 06:05:18.559044
105-156-16-190.fibertel.com.ar,AVAILABILITY,origin.list,2023-04-20 06:05:18.926685
102-19-231-201.fibertel.com.ar,AVAILABILITY,origin.list,2023-04-20 06:05:18.962583
159-253-113-92.pool.ukrtel.net,AVAILABILITY,origin.list,2023-04-20 06:05:19.023529
101-89-231-201.fibertel.com.ar,AVAILABILITY,origin.list,2023-04-20 06:05:19.034959
12.147-62-69.ftth.swbr.surewest.net,AVAILABILITY,origin.list,2023-04-20 06:05:19.368705
113-94-231-201.fibertel.com.ar,AVAILABILITY,origin.list,2023-04-20 06:05:19.387485
66-194-168-122.static.twtelecom.net,AVAILABILITY,origin.list,2023-04-20 06:05:19.458773
196-172-132-95.pool.ukrtel.net,AVAILABILITY,origin.list,2023-04-20 06:05:19.468049
118-23-17-190.fibertel.com.ar,AVAILABILITY,origin.list,2023-04-20 06:05:19.823604
108-228-114-200.fibertel.com.ar,AVAILABILITY,origin.list,2023-04-20 06:05:19.824231
62.183.18.160.modem-pool.kuban.ru,AVAILABILITY,origin.list,2023-04-20 06:05:19.905865
113-43-231-201.fibertel.com.ar,AVAILABILITY,origin.list,2023-04-20 06:05:19.908543
62.183.3.27.modem-pool.kuban.ru,AVAILABILITY,origin.list,2023-04-20 06:05:20.253185
13-176-126-200.fibertel.com.ar,AVAILABILITY,origin.list,2023-04-20 06:05:20.261779
135-15-16-190.fibertel.com.ar,AVAILABILITY,origin.list,2023-04-20 06:05:20.324941
108-51-17-190.fibertel.com.ar,AVAILABILITY,origin.list,2023-04-20 06:05:20.327445
117-184-231-201.fibertel.com.ar,AVAILABILITY,origin.list,2023-04-20 06:05:20.701115
127-216-114-200.fibertel.com.ar,AVAILABILITY,origin.list,2023-04-20 06:05:20.701205
195-12-231-207.customer.teliacarrier.com,AVAILABILITY,origin.list,2023-04-20 06:05:20.751276
142-154-16-190.fibertel.com.ar,AVAILABILITY,origin.list,2023-04-20 06:05:20.760203
119-221-231-201.fibertel.com.ar,AVAILABILITY,origin.list,2023-04-20 06:05:21.140911
102.14-218-195.catv.internet.lu,AVAILABILITY,origin.list,2023-04-20 06:05:21.182155
115-129-17-190.fibertel.com.ar,AVAILABILITY,origin.list,2023-04-20 06:05:21.198698
219-69-19-36.idc.static.giga.net.tw,AVAILABILITY,origin.list,2023-04-20 06:05:21.218123
152-110-235-201.fibertel.com.ar,AVAILABILITY,origin.list,2023-04-20 06:05:21.583593
190-10-179-94.pool.ukrtel.net,AVAILABILITY,origin.list,2023-04-20 06:05:21.626474
133-176-126-200.fibertel.com.ar,AVAILABILITY,origin.list,2023-04-20 06:05:21.640475
168-136-16-190.fibertel.com.ar,AVAILABILITY,origin.list,2023-04-20 06:05:21.658502
110-108-17-190.fibertel.com.ar,AVAILABILITY,origin.list,2023-04-20 06:05:22.008249
19-172-133-95.pool.ukrtel.net,AVAILABILITY,origin.list,2023-04-20 06:05:22.061164
137-164-16-190.fibertel.com.ar,AVAILABILITY,origin.list,2023-04-20 06:05:22.085339
160-190-16-190.fibertel.com.ar,AVAILABILITY,origin.list,2023-04-20 06:05:22.097746
153-23-235-201.fibertel.com.ar,AVAILABILITY,origin.list,2023-04-20 06:05:22.437809
170-174-231-201.fibertel.com.ar,AVAILABILITY,origin.list,2023-04-20 06:05:22.511797
173-217-231-201.fibertel.com.ar,AVAILABILITY,origin.list,2023-04-20 06:05:22.516549
186-198-17-190.fibertel.com.ar,AVAILABILITY,origin.list,2023-04-20 06:05:22.531339
17-93-231-201.fibertel.com.ar,AVAILABILITY,origin.list,2023-04-20 06:05:22.885621
166-162-231-201.fibertel.com.ar,AVAILABILITY,origin.list,2023-04-20 06:05:22.966933
189-218-231-201.fibertel.com.ar,AVAILABILITY,origin.list,2023-04-20 06:05:22.972790
1x-193-157-194-200.uio.no,AVAILABILITY,origin.list,2023-04-20 06:05:22.990545
4.androidislamic.com,AVAILABILITY,origin.list,2023-04-20 06:05:23.351613
129-200.sh.cgocable.ca,AVAILABILITY,origin.list,2023-04-20 06:05:23.398784
167-216-114-200.fibertel.com.ar,AVAILABILITY,origin.list,2023-04-20 06:05:23.424787
185-158-231-201.fibertel.com.ar,AVAILABILITY,origin.list,2023-04-20 06:05:23.433224
134-178.106-97.tampabay.res.rr.com,AVAILABILITY,origin.list,2023-04-20 06:05:23.777001
62.183.3.13.modem-pool.kuban.ru,AVAILABILITY,origin.list,2023-04-20 06:05:23.835276
186-138-231-201.fibertel.com.ar,AVAILABILITY,origin.list,2023-04-20 06:05:23.859989
186-182-231-201.fibertel.com.ar,AVAILABILITY,origin.list,2023-04-20 06:05:23.864022
181-122-16-190.fibertel.com.ar,AVAILABILITY,origin.list,2023-04-20 06:05:24.209125
18-98-16-190.fibertel.com.ar,AVAILABILITY,origin.list,2023-04-20 06:05:24.267612
155-20.sh.cgocable.ca,AVAILABILITY,origin.list,2023-04-20 06:05:24.301175
187-41-17-190.fibertel.com.ar,AVAILABILITY,origin.list,2023-04-20 06:05:24.301205
168-100-182-165.static.cloud9.net,AVAILABILITY,origin.list,2023-04-20 06:05:24.651661
146-135.dr.cgocable.ca,AVAILABILITY,origin.list,2023-04-20 06:05:24.755216
2332kxifxiynpznr.com,AVAILABILITY,origin.list,2023-04-20 06:05:24.771822
16-221-231-201.fibertel.com.ar,AVAILABILITY,origin.list,2023-04-20 06:05:24.775848
191-227-231-201.fibertel.com.ar,AVAILABILITY,origin.list,2023-04-20 06:05:25.081820
110-50.187-72.tampabay.res.rr.com,AVAILABILITY,origin.list,2023-04-20 06:05:25.228693
189-169-231-201.fibertel.com.ar,AVAILABILITY,origin.list,2023-04-20 06:05:25.230945
165-54.127-70.tampabay.res.rr.com,AVAILABILITY,origin.list,2023-04-20 06:05:25.263114
102-239.126-70.tampabay.res.rr.com,AVAILABILITY,origin.list,2023-04-20 06:05:25.515626
184-13.96-97.tampabay.res.rr.com,AVAILABILITY,origin.list,2023-04-20 06:05:25.659226
4.whereinlazio.com,AVAILABILITY,origin.list,2023-04-20 06:05:25.737141
4.whereinsardegna.com,AVAILABILITY,origin.list,2023-04-20 06:05:25.757363
16-221.186-72.tampabay.res.rr.com,AVAILABILITY,origin.list,2023-04-20 06:05:25.938095
121-103.200-68.tampabay.res.rr.com,AVAILABILITY,origin.list,2023-04-20 06:05:26.085707
144-239.200-68.tampabay.res.rr.com,AVAILABILITY,origin.list,2023-04-20 06:05:26.190528
143-225.dr.cgocable.ca,AVAILABILITY,origin.list,2023-04-20 06:05:26.194002
158-43.35-65.tampabay.res.rr.com,AVAILABILITY,origin.list,2023-04-20 06:05:26.377828
4.whereinpuglia.com,AVAILABILITY,origin.list,2023-04-20 06:05:26.590902
160-190.tr.cgocable.ca,AVAILABILITY,origin.list,2023-04-20 06:05:26.628700
102-251.96-97.tampabay.res.rr.com,AVAILABILITY,origin.list,2023-04-20 06:05:26.643954
160-103.126-70.tampabay.res.rr.com,AVAILABILITY,origin.list,2023-04-20 06:05:26.817832
108-220.187-72.tampabay.res.rr.com,AVAILABILITY,origin.list,2023-04-20 06:05:27.045584
198-56-231-201.fibertel.com.ar,AVAILABILITY,origin.list,2023-04-20 06:05:27.088993
4.whereinmolise.com,AVAILABILITY,origin.list,2023-04-20 06:05:27.103546
178-183.200-68.tampabay.res.rr.com,AVAILABILITY,origin.list,2023-04-20 06:05:27.248413
109-204-26-16.netconnexion.managedbroadband.co.uk,AVAILABILITY,origin.list,2023-04-20 06:05:27.486902
195-44.tr.cgocable.ca,AVAILABILITY,origin.list,2023-04-20 06:05:27.520572
4.whereintoscana.com,AVAILABILITY,origin.list,2023-04-20 06:05:27.584982
62.183.2.195.modem-pool.kuban.ru,AVAILABILITY,origin.list,2023-04-20 06:05:27.661729
200-127-197-78.cab.prima.net.ar,AVAILABILITY,origin.list,2023-04-20 06:05:27.914527
136-13.125-70.tampabay.res.rr.com,AVAILABILITY,origin.list,2023-04-20 06:05:27.947370
4.whereinliguria.com,AVAILABILITY,origin.list,2023-04-20 06:05:28.046959
154-89.127-70.tampabay.res.rr.com,AVAILABILITY,origin.list,2023-04-20 06:05:28.089392
16-236.200-68.tampabay.res.rr.com,AVAILABILITY,origin.list,2023-04-20 06:05:28.347337
19-165.96-97.tampabay.res.rr.com,AVAILABILITY,origin.list,2023-04-20 06:05:28.377597
191-223.187-72.tampabay.res.rr.com,AVAILABILITY,origin.list,2023-04-20 06:05:28.477601
163-57.202-68.tampabay.res.rr.com,AVAILABILITY,origin.list,2023-04-20 06:05:28.523173
192-166.106-97.tampabay.res.rr.com,AVAILABILITY,origin.list,2023-04-20 06:05:28.780158
213-67-40-70-no158.tbcn.telia.com,AVAILABILITY,origin.list,2023-04-20 06:05:28.811389
200-127-107-4.dsl.prima.net.ar,AVAILABILITY,origin.list,2023-04-20 06:05:28.897006
64-118-14-216.fergus.prtel.com,AVAILABILITY,origin.list,2023-04-20 06:05:28.941653
540387a1.catv.pool.telekom.hu,AVAILABILITY,origin.list,2023-04-20 06:05:28.942305
180-163.97-97.tampabay.res.rr.com,AVAILABILITY,origin.list,2023-04-20 06:05:29.229478
200-127-0-123.cab.prima.net.ar,AVAILABILITY,origin.list,2023-04-20 06:05:29.254689
17-18.35-65.tampabay.res.rr.com,AVAILABILITY,origin.list,2023-04-20 06:05:29.338820
200-122-97-188.cab.prima.net.ar,AVAILABILITY,origin.list,2023-04-20 06:05:29.367305
191-6.200-68.tampabay.res.rr.com,AVAILABILITY,origin.list,2023-04-20 06:05:29.370164
160-48.97-97.tampabay.res.rr.com,AVAILABILITY,origin.list,2023-04-20 06:05:29.673745
200-127-0-77.cab.prima.net.ar,AVAILABILITY,origin.list,2023-04-20 06:05:29.674026
187-243.127-70.tampabay.res.rr.com,AVAILABILITY,origin.list,2023-04-20 06:05:29.799312
200-127-1-149.cab.prima.net.ar,AVAILABILITY,origin.list,2023-04-20 06:05:29.804049
198-183.da.cgocable.ca,AVAILABILITY,origin.list,2023-04-20 06:05:29.811558
200-127-12-48.cab.prima.net.ar,AVAILABILITY,origin.list,2023-04-20 06:05:30.123510
4dlmng.com,AVAILABILITY,origin.list,2023-04-20 06:05:30.209331
200-122-89-72.cab.prima.net.ar,AVAILABILITY,origin.list,2023-04-20 06:05:30.239006
201-048-158-012.static.netsite.com.br,AVAILABILITY,origin.list,2023-04-20 06:05:30.274791
200-122-77-211.cab.prima.net.ar,AVAILABILITY,origin.list,2023-04-20 06:05:30.284712
4.whereinmilan.com,AVAILABILITY,origin.list,2023-04-20 06:05:30.595955
200-127-208-25.cab.prima.net.ar,AVAILABILITY,origin.list,2023-04-20 06:05:30.636188
200-127-169-13.dsl.prima.net.ar,AVAILABILITY,origin.list,2023-04-20 06:05:30.695800
4.whereinitaly.com,AVAILABILITY,origin.list,2023-04-20 06:05:30.713004
200-127-0-114.cab.prima.net.ar,AVAILABILITY,origin.list,2023-04-20 06:05:30.714285
200-127-197-130.cab.prima.net.ar,AVAILABILITY,origin.list,2023-04-20 06:05:31.047686
200-127-208-83.cab.prima.net.ar,AVAILABILITY,origin.list,2023-04-20 06:05:31.077952
200-127-0-56.cab.prima.net.ar,AVAILABILITY,origin.list,2023-04-20 06:05:31.122692
200-127-210-246.cab.prima.net.ar,AVAILABILITY,origin.list,2023-04-20 06:05:31.155069
208.36.224.60.ptr.us.xo.net,AVAILABILITY,origin.list,2023-04-20 06:05:31.346544
200-127-138-101.dsl.prima.net.ar,AVAILABILITY,origin.list,2023-04-20 06:05:31.470045
200-127-193-108.cab.prima.net.ar,AVAILABILITY,origin.list,2023-04-20 06:05:31.511785
4.whereinlombardy.com,AVAILABILITY,origin.list,2023-04-20 06:05:31.639561
216.112.242.156.ptr.us.xo.net,AVAILABILITY,origin.list,2023-04-20 06:05:31.788994
4.whereinpiemonte.com,AVAILABILITY,origin.list,2023-04-20 06:05:31.806092
200-127-209-86.cab.prima.net.ar,AVAILABILITY,origin.list,2023-04-20 06:05:31.935103
4.whereinsicilia.com,AVAILABILITY,origin.list,2023-04-20 06:05:31.944468
200-127-193-214.cab.prima.net.ar,AVAILABILITY,origin.list,2023-04-20 06:05:32.062151
200-127-208-61.cab.prima.net.ar,AVAILABILITY,origin.list,2023-04-20 06:05:32.250834
200-127-195-128.cab.prima.net.ar,AVAILABILITY,origin.list,2023-04-20 06:05:32.264993
200-127-209-233.cab.prima.net.ar,AVAILABILITY,origin.list,2023-04-20 06:05:32.350028
200-127-194-225.cab.prima.net.ar,AVAILABILITY,origin.list,2023-04-20 06:05:32.369163
4.whereintrentinoaltoadige.com,AVAILABILITY,origin.list,2023-04-20 06:05:32.525369
200-127-209-8.cab.prima.net.ar,AVAILABILITY,origin.list,2023-04-20 06:05:32.707831
200-127-210-146.cab.prima.net.ar,AVAILABILITY,origin.list,2023-04-20 06:05:32.793046
200-122-75-84.cab.prima.net.ar,AVAILABILITY,origin.list,2023-04-20 06:05:32.809475
216.237.188.24.ptr.us.xo.net,AVAILABILITY,origin.list,2023-04-20 06:05:32.839934
200-127-21-147.prima.net.ar,AVAILABILITY,origin.list,2023-04-20 06:05:32.949825
200-127-244-243.cab.prima.net.ar,AVAILABILITY,origin.list,2023-04-20 06:05:33.136038
200-127-244-136.cab.prima.net.ar,AVAILABILITY,origin.list,2023-04-20 06:05:33.218538
200-127-234-202.cab.prima.net.ar,AVAILABILITY,origin.list,2023-04-20 06:05:33.247858
200-127-210-189.cab.prima.net.ar,AVAILABILITY,origin.list,2023-04-20 06:05:33.268000
200-127-196-183.cab.prima.net.ar,AVAILABILITY,origin.list,2023-04-20 06:05:33.388621
200-127-214-52.cab.prima.net.ar,AVAILABILITY,origin.list,2023-04-20 06:05:33.561856
200-127-209-242.cab.prima.net.ar,AVAILABILITY,origin.list,2023-04-20 06:05:33.640680
200-127-208-110.cab.prima.net.ar,AVAILABILITY,origin.list,2023-04-20 06:05:33.689293
200-127-36-240.cab.prima.net.ar,AVAILABILITY,origin.list,2023-04-20 06:05:33.716663
200-127-92-94.dsl.prima.net.ar,AVAILABILITY,origin.list,2023-04-20 06:05:33.819087
200-127-81-64.cab.prima.net.ar,AVAILABILITY,origin.list,2023-04-20 06:05:33.995320
200-127-3-90.cab.prima.net.ar,AVAILABILITY,origin.list,2023-04-20 06:05:34.076118
200-127-86-86.cab.prima.net.ar,AVAILABILITY,origin.list,2023-04-20 06:05:34.118569
201-212-132-249.cab.prima.net.ar,AVAILABILITY,origin.list,2023-04-20 06:05:34.134083
200-127-35-14.cab.prima.net.ar,AVAILABILITY,origin.list,2023-04-20 06:05:34.239176
201-212-118-69.prima.net.ar,AVAILABILITY,origin.list,2023-04-20 06:05:34.420788
0surf.navysoldier.com,AVAILABILITY,origin.list,2023-04-20 06:05:34.622315
4.whereinsicily.com,AVAILABILITY,origin.list,2023-04-20 06:05:34.628953
205.158.168.71.ptr.us.xo.net,AVAILABILITY,origin.list,2023-04-20 06:05:34.655552
200-127-97-230.cab.prima.net.ar,AVAILABILITY,origin.list,2023-04-20 06:05:34.668632
201-212-25-209.cab.prima.net.ar,AVAILABILITY,origin.list,2023-04-20 06:05:34.846805
200-127-244-134.cab.prima.net.ar,AVAILABILITY,origin.list,2023-04-20 06:05:35.112481
201-212-17-245.cab.prima.net.ar,AVAILABILITY,origin.list,2023-04-20 06:05:35.146872
200-127-2-178.cab.prima.net.ar,AVAILABILITY,origin.list,2023-04-20 06:05:35.148465
201-212-42-35.cab.prima.net.ar,AVAILABILITY,origin.list,2023-04-20 06:05:35.160593
201-212-131-176.cab.prima.net.ar,AVAILABILITY,origin.list,2023-04-20 06:05:35.270609
200-127-72-202.cab.prima.net.ar,AVAILABILITY,origin.list,2023-04-20 06:05:35.656355
200-127-99-252.cab.prima.net.ar,AVAILABILITY,origin.list,2023-04-20 06:05:35.656622
201-212-109-210.prima.net.ar,AVAILABILITY,origin.list,2023-04-20 06:05:35.712111
216.156.144.213.ptr.us.xo.net,AVAILABILITY,origin.list,2023-04-20 06:05:35.740027
64.221.27.156.ptr.us.xo.net,AVAILABILITY,origin.list,2023-04-20 06:05:35.746955
201-212-197-245.net.prima.net.ar,AVAILABILITY,origin.list,2023-04-20 06:05:36.108861
201-212-234-240.net.prima.net.ar,AVAILABILITY,origin.list,2023-04-20 06:05:36.137087
201-212-223-64.cab.prima.net.ar,AVAILABILITY,origin.list,2023-04-20 06:05:36.196540
201-212-197-188.net.prima.net.ar,AVAILABILITY,origin.list,2023-04-20 06:05:36.219916
13tw22rigobert.de,AVAILABILITY,origin.list,2023-04-20 06:05:36.312362
200-127-37-98.cab.prima.net.ar,AVAILABILITY,origin.list,2023-04-20 06:05:36.578634
201-212-115-109.prima.net.ar,AVAILABILITY,origin.list,2023-04-20 06:05:36.614770
201-212-76-89.cab.prima.net.ar,AVAILABILITY,origin.list,2023-04-20 06:05:36.646099
201-212-135-134.cab.prima.net.ar,AVAILABILITY,origin.list,2023-04-20 06:05:36.652347
200-127-96-45.cab.prima.net.ar,AVAILABILITY,origin.list,2023-04-20 06:05:36.738679
201-212-111-59.prima.net.ar,AVAILABILITY,origin.list,2023-04-20 06:05:37.004565
200-127-97-241.cab.prima.net.ar,AVAILABILITY,origin.list,2023-04-20 06:05:37.037599
201-212-138-23.cab.prima.net.ar,AVAILABILITY,origin.list,2023-04-20 06:05:37.105199
201-213-103-225.net.prima.net.ar,AVAILABILITY,origin.list,2023-04-20 06:05:37.158196
24.48.145.147.usa2net.net,AVAILABILITY,origin.list,2023-04-20 06:05:37.204579
201-212-51-23.cab.prima.net.ar,AVAILABILITY,origin.list,2023-04-20 06:05:37.488106
201-212-26-30.cab.prima.net.ar,AVAILABILITY,origin.list,2023-04-20 06:05:37.528529
201-213-101-194.net.prima.net.ar,AVAILABILITY,origin.list,2023-04-20 06:05:37.643038
64.3.161.216.ptr.us.xo.net,AVAILABILITY,origin.list,2023-04-20 06:05:37.690588
64.50.10.72.ptr.us.xo.net,AVAILABILITY,origin.list,2023-04-20 06:05:37.742053
201-212-135-146.cab.prima.net.ar,AVAILABILITY,origin.list,2023-04-20 06:05:37.931813
201-213-105-49.net.prima.net.ar,AVAILABILITY,origin.list,2023-04-20 06:05:37.962389
117-145-132-95.pool.ukrtel.net,AVAILABILITY,origin.list,2023-04-20 06:05:38.128772
201-213-103-24.net.prima.net.ar,AVAILABILITY,origin.list,2023-04-20 06:05:38.170298
64.50.63.198.ptr.us.xo.net,AVAILABILITY,origin.list,2023-04-20 06:05:38.246798
201-213-101-148.net.prima.net.ar,AVAILABILITY,origin.list,2023-04-20 06:05:38.393396
201-212-3-94.prima.net.ar,AVAILABILITY,origin.list,2023-04-20 06:05:38.406683
125-20-179-94.pool.ukrtel.net,AVAILABILITY,origin.list,2023-04-20 06:05:38.568787
201-212-40-244.cab.prima.net.ar,AVAILABILITY,origin.list,2023-04-20 06:05:38.594558
201-213-105-95.net.prima.net.ar,AVAILABILITY,origin.list,2023-04-20 06:05:38.675823
118-203-133-95.pool.ukrtel.net,AVAILABILITY,origin.list,2023-04-20 06:05:38.814525
201-213-133-20.net.prima.net.ar,AVAILABILITY,origin.list,2023-04-20 06:05:38.836713
123-251-133-95.pool.ukrtel.net,AVAILABILITY,origin.list,2023-04-20 06:05:39.001420
112-189-133-95.pool.ukrtel.net,AVAILABILITY,origin.list,2023-04-20 06:05:39.027695
127-45-135-95.pool.ukrtel.net,AVAILABILITY,origin.list,2023-04-20 06:05:39.275890
118-246-124-91.pool.ukrtel.net,AVAILABILITY,origin.list,2023-04-20 06:05:39.286723
64.50.63.29.ptr.us.xo.net,AVAILABILITY,origin.list,2023-04-20 06:05:39.301352
201-212-50-115.cab.prima.net.ar,AVAILABILITY,origin.list,2023-04-20 06:05:39.418589
201-212-56-248.cab.prima.net.ar,AVAILABILITY,origin.list,2023-04-20 06:05:39.451839
154-225-133-95.pool.ukrtel.net,AVAILABILITY,origin.list,2023-04-20 06:05:39.752418
177-243-124-91.pool.ukrtel.net,AVAILABILITY,origin.list,2023-04-20 06:05:39.758041
200-88-113-92.pool.ukrtel.net,AVAILABILITY,origin.list,2023-04-20 06:05:39.768556
221-236-132-95.pool.ukrtel.net,AVAILABILITY,origin.list,2023-04-20 06:05:39.836024
201-213-105-106.net.prima.net.ar,AVAILABILITY,origin.list,2023-04-20 06:05:39.876385
216-135-134-95.pool.ukrtel.net,AVAILABILITY,origin.list,2023-04-20 06:05:40.251405
201-213-101-89.net.prima.net.ar,AVAILABILITY,origin.list,2023-04-20 06:05:40.267047
212-236-133-95.pool.ukrtel.net,AVAILABILITY,origin.list,2023-04-20 06:05:40.274436
211-120-133-95.pool.ukrtel.net,AVAILABILITY,origin.list,2023-04-20 06:05:40.288596
123-172-179-94.pool.ukrtel.net,AVAILABILITY,origin.list,2023-04-20 06:05:40.308986
198-93-124-91.pool.ukrtel.net,AVAILABILITY,origin.list,2023-04-20 06:05:40.775730
37-118-133-95.pool.ukrtel.net,AVAILABILITY,origin.list,2023-04-20 06:05:40.793829
201-213-104-117.net.prima.net.ar,AVAILABILITY,origin.list,2023-04-20 06:05:40.823519
139-218-132-95.pool.ukrtel.net,AVAILABILITY,origin.list,2023-04-20 06:05:40.823410
13.costretto.com,AVAILABILITY,origin.list,2023-04-20 06:05:40.836723
14-235-124-91.pool.ukrtel.net,AVAILABILITY,origin.list,2023-04-20 06:05:41.262047
195-118-124-91.pool.ukrtel.net,AVAILABILITY,origin.list,2023-04-20 06:05:41.322248
65.105.167.227.ptr.us.xo.net,AVAILABILITY,origin.list,2023-04-20 06:05:41.413983
1cust2439.an2.dca17.da.uu.net,AVAILABILITY,origin.list,2023-04-20 06:05:41.452663
1cust1867.an2.dca17.da.uu.net,AVAILABILITY,origin.list,2023-04-20 06:05:41.512896
104-237-133-95.pool.ukrtel.net,AVAILABILITY,origin.list,2023-04-20 06:05:41.748405
1cust1675.an1.dca17.da.uu.net,AVAILABILITY,origin.list,2023-04-20 06:05:41.853179
143-147-135-95.pool.ukrtel.net,AVAILABILITY,origin.list,2023-04-20 06:05:41.870754
1cust3903.an4.dca17.da.uu.net,AVAILABILITY,origin.list,2023-04-20 06:05:41.940566
1cust1837.an3.chi30.da.uu.net,AVAILABILITY,origin.list,2023-04-20 06:05:42.103825
227-76-178-94.pool.ukrtel.net,AVAILABILITY,origin.list,2023-04-20 06:05:42.176148
165-67-132-95.pool.ukrtel.net,AVAILABILITY,origin.list,2023-04-20 06:05:42.293154
1cust5398.an1.dca17.da.uu.net,AVAILABILITY,origin.list,2023-04-20 06:05:42.379709
127-159-133-95.pool.ukrtel.net,AVAILABILITY,origin.list,2023-04-20 06:05:42.526960
1cust5491.an1.dca17.da.uu.net,AVAILABILITY,origin.list,2023-04-20 06:05:42.531919
144-42-179-94.pool.ukrtel.net,AVAILABILITY,origin.list,2023-04-20 06:05:42.608268
201-213-10-42.net.prima.net.ar,AVAILABILITY,origin.list,2023-04-20 06:05:42.719727
15-61-132-95.pool.ukrtel.net,AVAILABILITY,origin.list,2023-04-20 06:05:42.815792
148-138-133-95.pool.ukrtel.net,AVAILABILITY,origin.list,2023-04-20 06:05:42.996481
1cust3590.an4.dca17.da.uu.net,AVAILABILITY,origin.list,2023-04-20 06:05:43.128122
1cust2087.an1.dca17.da.uu.net,AVAILABILITY,origin.list,2023-04-20 06:05:43.147673
1cust7330.an3.chi30.da.uu.net,AVAILABILITY,origin.list,2023-04-20 06:05:43.236476
254-41-133-95.pool.ukrtel.net,AVAILABILITY,origin.list,2023-04-20 06:05:43.247375
182-61-133-95.pool.ukrtel.net,AVAILABILITY,origin.list,2023-04-20 06:05:43.423384
3213community.media-toolbar.com,AVAILABILITY,origin.list,2023-04-20 06:05:43.585960
142-138-112-92.pool.ukrtel.net,AVAILABILITY,origin.list,2023-04-20 06:05:43.588161
211-80-178-94.pool.ukrtel.net,AVAILABILITY,origin.list,2023-04-20 06:05:43.684147
235-133-134-95.pool.ukrtel.net,AVAILABILITY,origin.list,2023-04-20 06:05:43.687440
2u.media-toolbar.com,AVAILABILITY,origin.list,2023-04-20 06:05:43.856542
175-127-132-95.pool.ukrtel.net,AVAILABILITY,origin.list,2023-04-20 06:05:44.035057
216-30-124-91.pool.ukrtel.net,AVAILABILITY,origin.list,2023-04-20 06:05:44.043696
0rangemask.myblogtoolbar.com,AVAILABILITY,origin.list,2023-04-20 06:05:44.180458
1cust2426.an4.dca17.da.uu.net,AVAILABILITY,origin.list,2023-04-20 06:05:44.228673
145-118-113-190.fttx.bbned.nl,AVAILABILITY,origin.list,2023-04-20 06:05:44.283865
29-176-178-94.pool.ukrtel.net,AVAILABILITY,origin.list,2023-04-20 06:05:44.491154
1cust7205.an4.dca17.da.uu.net,AVAILABILITY,origin.list,2023-04-20 06:05:44.606211
250-70-132-95.pool.ukrtel.net,AVAILABILITY,origin.list,2023-04-20 06:05:44.644970
404.ragecash.com,AVAILABILITY,origin.list,2023-04-20 06:05:44.755910
1cust4167.an3.chi30.da.uu.net,AVAILABILITY,origin.list,2023-04-20 06:05:44.784470
1cust5069.an4.dca17.da.uu.net,AVAILABILITY,origin.list,2023-04-20 06:05:45.016409
174-127-50-58.static-ip.telepacific.net,AVAILABILITY,origin.list,2023-04-20 06:05:45.091683
1cust3561.an2.dca17.da.uu.net,AVAILABILITY,origin.list,2023-04-20 06:05:45.122776
158-235-133-95.pool.ukrtel.net,AVAILABILITY,origin.list,2023-04-20 06:05:45.183392
216-70-227-243.static-ip.telepacific.net,AVAILABILITY,origin.list,2023-04-20 06:05:45.212357
2171976118-ljungbybredband.host.songnetworks.se,AVAILABILITY,origin.list,2023-04-20 06:05:45.516168
219-69-19-17.idc.static.giga.net.tw,AVAILABILITY,origin.list,2023-04-20 06:05:45.556382
21719761128-ljungbybredband.host.songnetworks.se,AVAILABILITY,origin.list,2023-04-20 06:05:45.614968
6.jsdx3.crsky.com,AVAILABILITY,origin.list,2023-04-20 06:05:45.706468
0x4dd54bd9.adsl.cybercity.dk,AVAILABILITY,origin.list,2023-04-20 06:05:45.765862
4.bjlt1.crsky.com,AVAILABILITY,origin.list,2023-04-20 06:05:46.013408
1cust4734.an2.dca17.da.uu.net,AVAILABILITY,origin.list,2023-04-20 06:05:46.122403
10minutenerfolg.de,AVAILABILITY,origin.list,2023-04-20 06:05:46.151263
54417.cn,AVAILABILITY,origin.list,2023-04-20 06:05:46.466806
102.115.broadband3.iol.cz,AVAILABILITY,origin.list,2023-04-20 06:05:46.475398
219-69-50-213.idc.static.giga.net.tw,AVAILABILITY,origin.list,2023-04-20 06:05:46.576145
1167host158.starwoodbroadband.com,AVAILABILITY,origin.list,2023-04-20 06:05:46.582102
169.93.broadband3.iol.cz,AVAILABILITY,origin.list,2023-04-20 06:05:46.585851
61-70-224-16.adsl.static.giga.net.tw,AVAILABILITY,origin.list,2023-04-20 06:05:46.957114
1cust775.an3.chi30.da.uu.net,AVAILABILITY,origin.list,2023-04-20 06:05:47.089721
1cust5777.an4.dca17.da.uu.net,AVAILABILITY,origin.list,2023-04-20 06:05:47.132575
1cust770.an4.dca17.da.uu.net,AVAILABILITY,origin.list,2023-04-20 06:05:47.155902
1cust5122.an2.dca17.da.uu.net,AVAILABILITY,origin.list,2023-04-20 06:05:47.270883
240-209-112-92.pool.ukrtel.net,AVAILABILITY,origin.list,2023-04-20 06:05:47.402060
3.jxdx1.crsky.com,AVAILABILITY,origin.list,2023-04-20 06:05:47.581813
1cust7083.an3.chi30.da.uu.net,AVAILABILITY,origin.list,2023-04-20 06:05:47.665913
1cust8084.an1.dca17.da.uu.net,AVAILABILITY,origin.list,2023-04-20 06:05:47.675785
1cust86.an2.dca17.da.uu.net,AVAILABILITY,origin.list,2023-04-20 06:05:47.786643
1cust7438.an1.dca17.da.uu.net,AVAILABILITY,origin.list,2023-04-20 06:05:48.015625
13-14-112-92.pool.ukrtel.net,AVAILABILITY,origin.list,2023-04-20 06:05:48.018850
43-83-113-92.pool.ukrtel.net,AVAILABILITY,origin.list,2023-04-20 06:05:48.088003
14-107-133-95.pool.ukrtel.net,AVAILABILITY,origin.list,2023-04-20 06:05:48.098133
151-104-134-95.pool.ukrtel.net,AVAILABILITY,origin.list,2023-04-20 06:05:48.233439
2jo.info,AVAILABILITY,origin.list,2023-04-20 06:05:48.632144
11.gxdx2.crsky.com,AVAILABILITY,origin.list,2023-04-20 06:05:48.715612
1cust523.an1.dca17.da.uu.net,AVAILABILITY,origin.list,2023-04-20 06:05:48.756496
30.134.148.210.dy.bbexcite.jp,AVAILABILITY,origin.list,2023-04-20 06:05:48.920517
6.scdx3.crsky.com,AVAILABILITY,origin.list,2023-04-20 06:05:49.111410
1901.nordstrom.com,AVAILABILITY,origin.list,2023-04-20 06:05:49.453615
0s.o53xo.mzqwgzlcn5xwwltdn5wq.minsy.ru,AVAILABILITY,origin.list,2023-04-20 06:05:49.531433
187.251.100.220.dy.bbexcite.jp,AVAILABILITY,origin.list,2023-04-20 06:05:49.589037
1sheep.info,AVAILABILITY,origin.list,2023-04-20 06:05:49.611150
2k3net.110mb.com,AVAILABILITY,origin.list,2023-04-20 06:05:49.939297
107.165.broadband7.iol.cz,AVAILABILITY,origin.list,2023-04-20 06:05:50.091218
142.251.100.220.dy.bbexcite.jp,AVAILABILITY,origin.list,2023-04-20 06:05:50.324789
093105253184.raciborz.vectranet.pl,AVAILABILITY,origin.list,2023-04-20 06:05:50.383185
1.18.broadband7.iol.cz,AVAILABILITY,origin.list,2023-04-20 06:05:50.393859
147.134.148.210.dy.bbexcite.jp,AVAILABILITY,origin.list,2023-04-20 06:05:50.435666
228-196-133-95.pool.ukrtel.net,AVAILABILITY,origin.list,2023-04-20 06:05:50.519882
158.165.broadband5.iol.cz,AVAILABILITY,origin.list,2023-04-20 06:05:50.777983
143.32.broadband5.iol.cz,AVAILABILITY,origin.list,2023-04-20 06:05:51.062346
5571e4b6.ftth.concepts.nl,AVAILABILITY,origin.list,2023-04-20 06:05:51.264569
4.collecorvino.org,AVAILABILITY,origin.list,2023-04-20 06:05:51.294681
197.25.189.78.static.turktelekom.com.tr,AVAILABILITY,origin.list,2023-04-20 06:05:51.414491
201002.confidence.org.pl,AVAILABILITY,origin.list,2023-04-20 06:05:51.576489
39-71-113-92.pool.ukrtel.net,AVAILABILITY,origin.list,2023-04-20 06:05:51.699912
43-158-132-95.pool.ukrtel.net,AVAILABILITY,origin.list,2023-04-20 06:05:51.721420
57-148-133-95.pool.ukrtel.net,AVAILABILITY,origin.list,2023-04-20 06:05:51.864538
5571f46e.ftth.concepts.nl,AVAILABILITY,origin.list,2023-04-20 06:05:51.909968
216-73-119-74.ocdc-01.net,AVAILABILITY,origin.list,2023-04-20 06:05:52.158518
66-178-43-201.reverse.newskies.net,AVAILABILITY,origin.list,2023-04-20 06:05:52.308335
103-138-112-92.pool.ukrtel.net,AVAILABILITY,origin.list,2023-04-20 06:05:52.355602
5571f6ce.ftth.concepts.nl,AVAILABILITY,origin.list,2023-04-20 06:05:52.563186
137-30-133-95.pool.ukrtel.net,AVAILABILITY,origin.list,2023-04-20 06:05:52.604132
133.home.ro,AVAILABILITY,origin.list,2023-04-20 06:05:52.714218
144-161-113-92.pool.ukrtel.net,AVAILABILITY,origin.list,2023-04-20 06:05:52.734245
127-152-133-95.pool.ukrtel.net,AVAILABILITY,origin.list,2023-04-20 06:05:53.024980
141-9-207-82.pool.ukrtel.net,AVAILABILITY,origin.list,2023-04-20 06:05:53.046433
146-155-112-92.pool.ukrtel.net,AVAILABILITY,origin.list,2023-04-20 06:05:53.141923
14-94-133-95.pool.ukrtel.net,AVAILABILITY,origin.list,2023-04-20 06:05:53.158042
179-103-113-92.pool.ukrtel.net,AVAILABILITY,origin.list,2023-04-20 06:05:53.484339
185-188-133-95.pool.ukrtel.net,AVAILABILITY,origin.list,2023-04-20 06:05:53.486841
52110.odb.sh.cn,AVAILABILITY,origin.list,2023-04-20 06:05:53.954371
121.vps.expresshost.ru,AVAILABILITY,origin.list,2023-04-20 06:05:55.899551
212.199.193.62.static.012.net.il,AVAILABILITY,origin.list,2023-04-20 06:05:56.696356
123.230.65.80.er.eaccess.ne.jp,AVAILABILITY,origin.list,2023-04-20 06:06:56.264142
54001fcd.dsl.pool.telekom.hu,AVAILABILITY,origin.list,2023-04-21 06:08:56.380263
