subject,idna_subject,expiration_date,epoch,registrar
000webhost.info,000webhost.info,05-sep-2021,1630800000.0,
000webhost.info,000webhost.info,05-sep-2021,1630800000.0,
001proxy.com,001proxy.com,19-sep-2021,1632009600.0,
001proxy.com,001proxy.com,19-sep-2021,1632009600.0,
001y.com,001y.com,04-nov-2021,1635984000.0,
001y.com,001y.com,04-nov-2021,1635984000.0,
007guard.com,007guard.com,22-aug-2021,1629590400.0,
007guard.com,007guard.com,22-aug-2021,1629590400.0,
00fun.com,00fun.com,05-aug-2021,1628121600.0,
00fun.com,00fun.com,05-aug-2021,1628121600.0,
00o.info,00o.info,30-jan-2023,1675036800.0,
00o.info,00o.info,30-jan-2023,1675036800.0,
01-edito-atf-laplacemedia-7.fr,01-edito-atf-laplacemedia-7.fr,25-sep-2021,1632528000.0,
01-edito-atf-laplacemedia-7.fr,01-edito-atf-laplacemedia-7.fr,25-sep-2021,1632528000.0,
010402.com,010402.com,30-jul-2021,1627603200.0,
010402.com,010402.com,30-jul-2021,1627603200.0,
0141design.co.uk,0141design.co.uk,30-jan-2021,1611964800.0,
0141design.co.uk,0141design.co.uk,30-jan-2021,1611964800.0,
016.ru,016.ru,16-may-2021,1621123200.0,
016.ru,016.ru,16-may-2021,1621123200.0,
0190-dialer.com,0190-dialer.com,03-mar-2021,1614729600.0,
0190-dialer.com,0190-dialer.com,03-mar-2021,1614729600.0,
01domain.com,01domain.com,02-oct-2021,1633132800.0,
01domain.com,01domain.com,02-oct-2021,1633132800.0,
01kao.com,01kao.com,18-jan-2021,1610928000.0,
01kao.com,01kao.com,18-jan-2021,1610928000.0,
0446.org,0446.org,21-oct-2021,1634774400.0,
0446.org,0446.org,21-oct-2021,1634774400.0,
05168.com.tw,05168.com.tw,07-feb-2022,1644192000.0,
05168.com.tw,05168.com.tw,07-feb-2022,1644192000.0,
05916.com,05916.com,15-apr-2021,1618444800.0,
05916.com,05916.com,15-apr-2021,1618444800.0,
07176.com,07176.com,13-may-2021,1620864000.0,
07176.com,07176.com,13-may-2021,1620864000.0,
0794.info,0794.info,28-jan-2021,1611792000.0,
0794.info,0794.info,28-jan-2021,1611792000.0,
09city.com,09city.com,04-feb-2021,1612396800.0,
09city.com,09city.com,04-feb-2021,1612396800.0,
0fees.net,0fees.net,23-oct-2021,1634947200.0,
0fees.net,0fees.net,23-oct-2021,1634947200.0,
0nlyzoo.com,0nlyzoo.com,23-mar-2021,1616457600.0,
0nlyzoo.com,0nlyzoo.com,23-mar-2021,1616457600.0,
0nm.info,0nm.info,11-apr-2021,1618099200.0,
0nm.info,0nm.info,11-apr-2021,1618099200.0,
0q8.net,0q8.net,09-aug-2021,1628467200.0,
0q8.net,0q8.net,09-aug-2021,1628467200.0,
0scan.com,0scan.com,03-dec-2021,1638489600.0,
0scan.com,0scan.com,03-dec-2021,1638489600.0,
1-log.com,1-log.com,10-nov-2022,1668038400.0,
1-log.com,1-log.com,10-nov-2022,1668038400.0,
1-se.com,1-se.com,04-dec-2021,1638576000.0,
1-se.com,1-se.com,04-dec-2021,1638576000.0,
1.vg,1.vg,10-sep-2021,1631232000.0,
1.vg,1.vg,10-sep-2021,1631232000.0,
100-100.ru,100-100.ru,08-sep-2021,1631059200.0,
100-100.ru,100-100.ru,08-sep-2021,1631059200.0,
10000xing.cn,10000xing.cn,29-jan-2021,1611878400.0,
10000xing.cn,10000xing.cn,29-jan-2021,1611878400.0,
1000gratisproben.com,1000gratisproben.com,30-jun-2021,1625011200.0,
1000gratisproben.com,1000gratisproben.com,30-jun-2021,1625011200.0,
1000millasargentina.com.ar,1000millasargentina.com.ar,02-apr-2021,1617321600.0,
1000millasargentina.com.ar,1000millasargentina.com.ar,02-apr-2021,1617321600.0,
1001movies.com,1001movies.com,24-jul-2021,1627084800.0,
1001movies.com,1001movies.com,24-jul-2021,1627084800.0,
100amateurvideos.com,100amateurvideos.com,04-sep-2021,1630713600.0,
100amateurvideos.com,100amateurvideos.com,04-sep-2021,1630713600.0,
100sexlinks.com,100sexlinks.com,17-jan-2021,1610841600.0,
100sexlinks.com,100sexlinks.com,17-jan-2021,1610841600.0,
100webads.com,100webads.com,03-sep-2022,1662163200.0,
100webads.com,100webads.com,03-sep-2022,1662163200.0,
1014.org,1014.org,18-sep-2021,1631923200.0,
1014.org,1014.org,18-sep-2021,1631923200.0,
1015.info,1015.info,28-may-2021,1622160000.0,
1015.info,1015.info,28-may-2021,1622160000.0,
101com.com,101com.com,17-nov-2021,1637107200.0,
101com.com,101com.com,17-nov-2021,1637107200.0,
101freehost.com,101freehost.com,05-feb-2021,1612483200.0,
101freehost.com,101freehost.com,05-feb-2021,1612483200.0,
101ok.com,101ok.com,26-may-2021,1621987200.0,
101ok.com,101ok.com,26-may-2021,1621987200.0,
101order.com,101order.com,14-aug-2021,1628899200.0,
101order.com,101order.com,14-aug-2021,1628899200.0,
101sexsecret.com,101sexsecret.com,09-jul-2021,1625788800.0,
101sexsecret.com,101sexsecret.com,09-jul-2021,1625788800.0,
1031fec.com,1031fec.com,22-jul-2021,1626912000.0,
1031fec.com,1031fec.com,22-jul-2021,1626912000.0,
105vibe.com,105vibe.com,16-mar-2021,1615852800.0,
105vibe.com,105vibe.com,16-mar-2021,1615852800.0,
108.com,108.com,29-sep-2026,1790640000.0,
108.com,108.com,29-sep-2026,1790640000.0,
10gbfreehost.com,10gbfreehost.com,19-feb-2021,1613692800.0,
10gbfreehost.com,10gbfreehost.com,19-feb-2021,1613692800.0,
10immobilien.com,10immobilien.com,13-may-2021,1620864000.0,
10immobilien.com,10immobilien.com,13-may-2021,1620864000.0,
10wrj.com,10wrj.com,21-mar-2021,1616284800.0,
10wrj.com,10wrj.com,21-mar-2021,1616284800.0,
110mb.com,110mb.com,18-mar-2029,1868486400.0,
110mb.com,110mb.com,18-mar-2029,1868486400.0,
111281.com,111281.com,31-oct-2022,1667174400.0,
111281.com,111281.com,31-oct-2022,1667174400.0,
111meds.com,111meds.com,17-sep-2021,1631836800.0,
111meds.com,111meds.com,17-sep-2021,1631836800.0,
114bds.com,114bds.com,30-aug-2021,1630281600.0,
114bds.com,114bds.com,30-aug-2021,1630281600.0,
114kk.com,114kk.com,01-mar-2021,1614556800.0,
114kk.com,114kk.com,01-mar-2021,1614556800.0,
117.us,117.us,27-may-2021,1622073600.0,
117.us,117.us,27-may-2021,1622073600.0,
11fv.com,11fv.com,03-feb-2021,1612310400.0,
11fv.com,11fv.com,03-feb-2021,1612310400.0,
11zz.com,11zz.com,18-jun-2021,1623974400.0,
11zz.com,11zz.com,18-jun-2021,1623974400.0,
12-21-2012.org,12-21-2012.org,29-may-2021,1622246400.0,
12-21-2012.org,12-21-2012.org,29-may-2021,1622246400.0,
121tech.co.uk,121tech.co.uk,16-oct-2021,1634342400.0,
121tech.co.uk,121tech.co.uk,16-oct-2021,1634342400.0,
122u.com,122u.com,25-apr-2021,1619308800.0,
122u.com,122u.com,25-apr-2021,1619308800.0,
123-free-download.com,123-free-download.com,06-sep-2021,1630886400.0,
123-free-download.com,123-free-download.com,06-sep-2021,1630886400.0,
123cha.com,123cha.com,21-apr-2022,1650499200.0,
123cha.com,123cha.com,21-apr-2022,1650499200.0,
123found.com,123found.com,26-jan-2021,1611619200.0,
123found.com,123found.com,26-jan-2021,1611619200.0,
123go.com,123go.com,10-oct-2021,1633824000.0,
123go.com,123go.com,10-oct-2021,1633824000.0,
123hideip.com,123hideip.com,15-sep-2021,1631664000.0,
123hideip.com,123hideip.com,15-sep-2021,1631664000.0,
123keno.com,123keno.com,27-apr-2021,1619481600.0,
123keno.com,123keno.com,27-apr-2021,1619481600.0,
123stat.com,123stat.com,19-aug-2024,1724025600.0,
123stat.com,123stat.com,19-aug-2024,1724025600.0,
123ticket.com,123ticket.com,30-may-2021,1622332800.0,
123ticket.com,123ticket.com,30-may-2021,1622332800.0,
123url.org,123url.org,27-may-2021,1622073600.0,
123url.org,123url.org,27-may-2021,1622073600.0,
125search.com,125search.com,20-apr-2021,1618876800.0,
125search.com,125search.com,20-apr-2021,1618876800.0,
125sms.com,125sms.com,24-mar-2021,1616544000.0,
125sms.com,125sms.com,24-mar-2021,1616544000.0,
126.cn,126.cn,17-mar-2021,1615939200.0,
126.cn,126.cn,17-mar-2021,1615939200.0,
12gbfree.com,12gbfree.com,27-may-2021,1622073600.0,
12gbfree.com,12gbfree.com,27-may-2021,1622073600.0,
12hack.com,12hack.com,09-nov-2021,1636416000.0,
12hack.com,12hack.com,09-nov-2021,1636416000.0,
132.com,132.com,06-nov-2023,1699228800.0,
132.com,132.com,06-nov-2023,1699228800.0,
1337crew.info,1337crew.info,19-apr-2021,1618790400.0,
1337crew.info,1337crew.info,19-apr-2021,1618790400.0,
1337x.org,1337x.org,06-feb-2022,1644105600.0,
1337x.org,1337x.org,06-feb-2022,1644105600.0,
135mp3.com,135mp3.com,28-apr-2021,1619568000.0,
135mp3.com,135mp3.com,28-apr-2021,1619568000.0,
137400.net,137400.net,05-apr-2021,1617580800.0,
137400.net,137400.net,05-apr-2021,1617580800.0,
13allchat.com,13allchat.com,28-jan-2021,1611792000.0,
13allchat.com,13allchat.com,28-jan-2021,1611792000.0,
143fuck.com,143fuck.com,01-dec-2021,1638316800.0,
143fuck.com,143fuck.com,01-dec-2021,1638316800.0,
1456.org,1456.org,19-feb-2021,1613692800.0,
1456.org,1456.org,19-feb-2021,1613692800.0,
15min.it,15min.it,11-apr-2021,1618099200.0,
15min.it,15min.it,11-apr-2021,1618099200.0,
163ns.com,163ns.com,07-jun-2022,1654560000.0,
163ns.com,163ns.com,07-jun-2022,1654560000.0,
166pp.com,166pp.com,12-sep-2021,1631404800.0,
166pp.com,166pp.com,12-sep-2021,1631404800.0,
16868.org,16868.org,10-apr-2021,1618012800.0,
16868.org,16868.org,10-apr-2021,1618012800.0,
16yd.com,16yd.com,12-jun-2021,1623456000.0,
16yd.com,16yd.com,12-jun-2021,1623456000.0,
17dk.com,17dk.com,22-dec-2021,1640131200.0,
17dk.com,17dk.com,22-dec-2021,1640131200.0,
17q.com,17q.com,13-jun-2021,1623542400.0,
17q.com,17q.com,13-jun-2021,1623542400.0,
17q.org,17q.org,14-jun-2021,1623628800.0,
17q.org,17q.org,14-jun-2021,1623628800.0,
17tahun.com,17tahun.com,19-mar-2021,1616112000.0,
17tahun.com,17tahun.com,19-mar-2021,1616112000.0,
1800freehits.com,1800freehits.com,29-jun-2021,1624924800.0,
1800freehits.com,1800freehits.com,29-jun-2021,1624924800.0,
1800proxy.com,1800proxy.com,20-jan-2021,1611100800.0,
1800proxy.com,1800proxy.com,20-jan-2021,1611100800.0,
18978.com.cn,18978.com.cn,19-jan-2021,1611014400.0,
18978.com.cn,18978.com.cn,19-jan-2021,1611014400.0,
18honeys.com,18honeys.com,04-aug-2021,1628035200.0,
18honeys.com,18honeys.com,04-aug-2021,1628035200.0,
18sweeties.com,18sweeties.com,25-oct-2021,1635120000.0,
18sweeties.com,18sweeties.com,25-oct-2021,1635120000.0,
1a123.com,1a123.com,14-apr-2021,1618358400.0,
1a123.com,1a123.com,14-apr-2021,1618358400.0,
1adult.com,1adult.com,14-aug-2021,1628899200.0,
1adult.com,1adult.com,14-aug-2021,1628899200.0,
1allfree.com,1allfree.com,17-feb-2021,1613520000.0,
1allfree.com,1allfree.com,17-feb-2021,1613520000.0,
1annuaire.com,1annuaire.com,16-jul-2021,1626393600.0,
1annuaire.com,1annuaire.com,16-jul-2021,1626393600.0,
1awm.com,1awm.com,13-oct-2021,1634083200.0,
1awm.com,1awm.com,13-oct-2021,1634083200.0,
1clickspyclean.com,1clickspyclean.com,23-mar-2021,1616457600.0,
1clickspyclean.com,1clickspyclean.com,23-mar-2021,1616457600.0,
1clickstop.com,1clickstop.com,17-feb-2021,1613520000.0,
1clickstop.com,1clickstop.com,17-feb-2021,1613520000.0,
1directory.ru,1directory.ru,07-oct-2021,1633564800.0,
1directory.ru,1directory.ru,07-oct-2021,1633564800.0,
1freecounter.com,1freecounter.com,23-oct-2021,1634947200.0,
1freecounter.com,1freecounter.com,23-oct-2021,1634947200.0,
1gb.ru,1gb.ru,15-mar-2021,1615766400.0,
1gb.ru,1gb.ru,15-mar-2021,1615766400.0,
1h1.net,1h1.net,28-oct-2021,1635379200.0,
1h1.net,1h1.net,28-oct-2021,1635379200.0,
1ive.net,1ive.net,29-jan-2021,1611878400.0,
1ive.net,1ive.net,29-jan-2021,1611878400.0,
1ku.cn,1ku.cn,22-jun-2021,1624320000.0,
1ku.cn,1ku.cn,22-jun-2021,1624320000.0,
1mig.org,1mig.org,05-sep-2021,1630800000.0,
1mig.org,1mig.org,05-sep-2021,1630800000.0,
1prox.com,1prox.com,03-sep-2021,1630627200.0,
1prox.com,1prox.com,03-sep-2021,1630627200.0,
1se.org,1se.org,25-nov-2021,1637798400.0,
1se.org,1se.org,25-nov-2021,1637798400.0,
1se.ru,1se.ru,25-feb-2021,1614211200.0,
1se.ru,1se.ru,25-feb-2021,1614211200.0,
1second.com,1second.com,06-oct-2021,1633478400.0,
1second.com,1second.com,06-oct-2021,1633478400.0,
1securitycenter.com,1securitycenter.com,08-feb-2021,1612742400.0,
1securitycenter.com,1securitycenter.com,08-feb-2021,1612742400.0,
1serial.tv,1serial.tv,09-apr-2021,1617926400.0,
1serial.tv,1serial.tv,09-apr-2021,1617926400.0,
1serials.com,1serials.com,21-jan-2021,1611187200.0,
1serials.com,1serials.com,21-jan-2021,1611187200.0,
1sexsex.com,1sexsex.com,30-may-2021,1622332800.0,
1sexsex.com,1sexsex.com,30-may-2021,1622332800.0,
1shoppingcart.com,1shoppingcart.com,18-mar-2021,1616025600.0,
1shoppingcart.com,1shoppingcart.com,18-mar-2021,1616025600.0,
1stfreehosting.com,1stfreehosting.com,19-jun-2021,1624060800.0,
1stfreehosting.com,1stfreehosting.com,19-jun-2021,1624060800.0,
1stspywarekiller.com,1stspywarekiller.com,19-jul-2021,1626652800.0,
1stspywarekiller.com,1stspywarekiller.com,19-jul-2021,1626652800.0,
1sweethost.com,1sweethost.com,22-jan-2022,1642809600.0,
1sweethost.com,1sweethost.com,22-jan-2022,1642809600.0,
1tk.us,1tk.us,24-jan-2021,1611446400.0,
1tk.us,1tk.us,24-jan-2021,1611446400.0,
1trac.com,1trac.com,16-sep-2021,1631750400.0,
1trac.com,1trac.com,16-sep-2021,1631750400.0,
1webservice.com,1webservice.com,08-sep-2021,1631059200.0,
1webservice.com,1webservice.com,08-sep-2021,1631059200.0,
2-files.com,2-files.com,01-apr-2021,1617235200.0,
2-files.com,2-files.com,01-apr-2021,1617235200.0,
2001positions.com,2001positions.com,03-mar-2021,1614729600.0,
2001positions.com,2001positions.com,03-mar-2021,1614729600.0,
2007-search.com,2007-search.com,02-dec-2021,1638403200.0,
2007-search.com,2007-search.com,02-dec-2021,1638403200.0,
2013-hacks.net,2013-hacks.net,08-may-2021,1620432000.0,
2013-hacks.net,2013-hacks.net,08-may-2021,1620432000.0,
2014gameshack.com,2014gameshack.com,25-jun-2021,1624579200.0,
2014gameshack.com,2014gameshack.com,25-jun-2021,1624579200.0,
201mb.com,201mb.com,07-feb-2021,1612656000.0,
201mb.com,201mb.com,07-feb-2021,1612656000.0,
202055.com,202055.com,28-feb-2021,1614470400.0,
202055.com,202055.com,28-feb-2021,1614470400.0,
20mbweb.com,20mbweb.com,10-feb-2021,1612915200.0,
20mbweb.com,20mbweb.com,10-feb-2021,1612915200.0,
20th-century-sex.com,20th-century-sex.com,14-mar-2021,1615680000.0,
20th-century-sex.com,20th-century-sex.com,14-mar-2021,1615680000.0,
21stcenturyelectrics.co.uk,21stcenturyelectrics.co.uk,30-mar-2021,1617062400.0,
21stcenturyelectrics.co.uk,21stcenturyelectrics.co.uk,30-mar-2021,1617062400.0,
2222mb.com,2222mb.com,28-apr-2021,1619568000.0,
2222mb.com,2222mb.com,28-apr-2021,1619568000.0,
2255.info,2255.info,15-oct-2021,1634256000.0,
2255.info,2255.info,15-oct-2021,1634256000.0,
22vek.com,22vek.com,07-feb-2021,1612656000.0,
22vek.com,22vek.com,07-feb-2021,1612656000.0,
22z.ru,22z.ru,11-dec-2021,1639180800.0,
22z.ru,22z.ru,11-dec-2021,1639180800.0,
232u.com,232u.com,09-apr-2021,1617926400.0,
232u.com,232u.com,09-apr-2021,1617926400.0,
247mahjongg.com,247mahjongg.com,05-dec-2021,1638662400.0,
247mahjongg.com,247mahjongg.com,05-dec-2021,1638662400.0,
247proxy.com,247proxy.com,25-may-2021,1621900800.0,
247proxy.com,247proxy.com,25-may-2021,1621900800.0,
247surf.net,247surf.net,16-oct-2021,1634342400.0,
247surf.net,247surf.net,16-oct-2021,1634342400.0,
24pm-affiliation.com,24pm-affiliation.com,25-jun-2021,1624579200.0,
24pm-affiliation.com,24pm-affiliation.com,25-jun-2021,1624579200.0,
24start.com,24start.com,23-may-2021,1621728000.0,
24start.com,24start.com,23-may-2021,1621728000.0,
25t.net,25t.net,20-dec-2029,1892419200.0,
25t.net,25t.net,20-dec-2029,1892419200.0,
289.us,289.us,23-apr-2021,1619136000.0,
289.us,289.us,23-apr-2021,1619136000.0,
28bxg.com,28bxg.com,07-apr-2021,1617753600.0,
28bxg.com,28bxg.com,07-apr-2021,1617753600.0,
2bcalvi.com,2bcalvi.com,16-oct-2021,1634342400.0,
2bcalvi.com,2bcalvi.com,16-oct-2021,1634342400.0,
2cpa.com,2cpa.com,03-apr-2021,1617408000.0,
2cpa.com,2cpa.com,03-apr-2021,1617408000.0,
2fastsurfer.com,2fastsurfer.com,27-apr-2021,1619481600.0,
2fastsurfer.com,2fastsurfer.com,27-apr-2021,1619481600.0,
2freepics.com,2freepics.com,17-aug-2021,1629158400.0,
2freepics.com,2freepics.com,17-aug-2021,1629158400.0,
2interactive.com,2interactive.com,15-apr-2022,1649980800.0,
2interactive.com,2interactive.com,15-apr-2022,1649980800.0,
2mgames.com,2mgames.com,24-mar-2021,1616544000.0,
2mgames.com,2mgames.com,24-mar-2021,1616544000.0,
2moro.fr,2moro.fr,05-apr-2021,1617580800.0,
2moro.fr,2moro.fr,05-apr-2021,1617580800.0,
2ndpower.com,2ndpower.com,04-sep-2021,1630713600.0,
2ndpower.com,2ndpower.com,04-sep-2021,1630713600.0,
2ndream.com,2ndream.com,24-jan-2021,1611446400.0,
2ndream.com,2ndream.com,24-jan-2021,1611446400.0,
2o7.com,2o7.com,09-jun-2021,1623196800.0,
2o7.com,2o7.com,09-jun-2021,1623196800.0,
2pas.com,2pas.com,10-aug-2021,1628553600.0,
2pas.com,2pas.com,10-aug-2021,1628553600.0,
2ppp.com,2ppp.com,30-nov-2021,1638230400.0,
2ppp.com,2ppp.com,30-nov-2021,1638230400.0,
2search.com,2search.com,26-jan-2021,1611619200.0,
2search.com,2search.com,26-jan-2021,1611619200.0,
2unblock.com,2unblock.com,15-may-2021,1621036800.0,
2unblock.com,2unblock.com,15-may-2021,1621036800.0,
2unblocksites.com,2unblocksites.com,15-jan-2021,1610668800.0,
2unblocksites.com,2unblocksites.com,15-jan-2021,1610668800.0,
2vb.ru,2vb.ru,13-dec-2021,1639353600.0,
2vb.ru,2vb.ru,13-dec-2021,1639353600.0,
2younger.com,2younger.com,12-dec-2021,1639267200.0,
2younger.com,2younger.com,12-dec-2021,1639267200.0,
3-a.net,3-a.net,02-feb-2021,1612224000.0,
3-a.net,3-a.net,02-feb-2021,1612224000.0,
3.co.kr,3.co.kr,15-oct-2023,1697328000.0,
3.co.kr,3.co.kr,15-oct-2023,1697328000.0,
3000toys.com,3000toys.com,27-dec-2021,1640563200.0,
3000toys.com,3000toys.com,27-dec-2021,1640563200.0,
300zx-twinturbo.com,300zx-twinturbo.com,07-dec-2021,1638835200.0,
300zx-twinturbo.com,300zx-twinturbo.com,07-dec-2021,1638835200.0,
302br.net,302br.net,22-jun-2022,1655856000.0,
302br.net,302br.net,22-jun-2022,1655856000.0,
30ds.com,30ds.com,12-oct-2021,1633996800.0,
30ds.com,30ds.com,12-oct-2021,1633996800.0,
30to50.com,30to50.com,01-apr-2021,1617235200.0,
30to50.com,30to50.com,01-apr-2021,1617235200.0,
3158.info,3158.info,16-jan-2021,1610755200.0,
3158.info,3158.info,16-jan-2021,1610755200.0,
31fa.com,31fa.com,20-jan-2021,1611100800.0,
31fa.com,31fa.com,20-jan-2021,1611100800.0,
31joy.com,31joy.com,15-jun-2021,1623715200.0,
31joy.com,31joy.com,15-jun-2021,1623715200.0,
31tg.com,31tg.com,01-apr-2021,1617235200.0,
31tg.com,31tg.com,01-apr-2021,1617235200.0,
32pix.ru,32pix.ru,09-mar-2021,1615248000.0,
32pix.ru,32pix.ru,09-mar-2021,1615248000.0,
34f.com,34f.com,27-apr-2022,1651017600.0,
34f.com,34f.com,27-apr-2022,1651017600.0,
35-55.com,35-55.com,24-feb-2021,1614124800.0,
35-55.com,35-55.com,24-feb-2021,1614124800.0,
360er.com,360er.com,25-feb-2021,1614211200.0,
360er.com,360er.com,25-feb-2021,1614211200.0,
360safe.com,360safe.com,17-may-2021,1621209600.0,
360safe.com,360safe.com,17-may-2021,1621209600.0,
360sharepro.com,360sharepro.com,05-jun-2021,1622851200.0,
360sharepro.com,360sharepro.com,05-jun-2021,1622851200.0,
365multimedia.com,365multimedia.com,14-oct-2021,1634169600.0,
365multimedia.com,365multimedia.com,14-oct-2021,1634169600.0,
369678.cn,369678.cn,01-dec-2021,1638316800.0,
369678.cn,369678.cn,01-dec-2021,1638316800.0,
36site.com,36site.com,18-mar-2021,1616025600.0,
36site.com,36site.com,18-mar-2021,1616025600.0,
3721.com,3721.com,15-feb-2022,1644883200.0,
3721.com,3721.com,15-feb-2022,1644883200.0,
38pension.com,38pension.com,03-sep-2021,1630627200.0,
38pension.com,38pension.com,03-sep-2021,1630627200.0,
39-93.com,39-93.com,31-jul-2021,1627689600.0,
39-93.com,39-93.com,31-jul-2021,1627689600.0,
3bsoftware.com,3bsoftware.com,04-jul-2021,1625356800.0,
3bsoftware.com,3bsoftware.com,04-jul-2021,1625356800.0,
3confirm.ws,3confirm.ws,16-sep-2022,1663286400.0,
3confirm.ws,3confirm.ws,16-sep-2022,1663286400.0,
3d-icons.com,3d-icons.com,23-sep-2021,1632355200.0,
3d-icons.com,3d-icons.com,23-sep-2021,1632355200.0,
3d2f.com,3d2f.com,18-nov-2021,1637193600.0,
3d2f.com,3d2f.com,18-nov-2021,1637193600.0,
3deepspace.com,3deepspace.com,28-oct-2021,1635379200.0,
3deepspace.com,3deepspace.com,28-oct-2021,1635379200.0,
3designcenter.com,3designcenter.com,02-sep-2021,1630540800.0,
3designcenter.com,3designcenter.com,02-sep-2021,1630540800.0,
3devilattack.net,3devilattack.net,12-jun-2021,1623456000.0,
3devilattack.net,3devilattack.net,12-jun-2021,1623456000.0,
3dgreedy.com,3dgreedy.com,15-aug-2021,1628985600.0,
3dgreedy.com,3dgreedy.com,15-aug-2021,1628985600.0,
3dhelp.com,3dhelp.com,16-may-2021,1621123200.0,
3dhelp.com,3dhelp.com,16-may-2021,1621123200.0,
3dstats.com,3dstats.com,10-feb-2021,1612915200.0,
3dstats.com,3dstats.com,10-feb-2021,1612915200.0,
3monkeys.org,3monkeys.org,20-nov-2021,1637366400.0,
3monkeys.org,3monkeys.org,20-nov-2021,1637366400.0,
3neek.com,3neek.com,23-mar-2021,1616457600.0,
3neek.com,3neek.com,23-mar-2021,1616457600.0,
3proxy.com,3proxy.com,11-may-2021,1620691200.0,
3proxy.com,3proxy.com,11-may-2021,1620691200.0,
3proxy.ru,3proxy.ru,23-feb-2021,1614038400.0,
3proxy.ru,3proxy.ru,23-feb-2021,1614038400.0,
3x-teens.net,3x-teens.net,20-jun-2021,1624147200.0,
3x-teens.net,3x-teens.net,20-jun-2021,1624147200.0,
3xlivesex.com,3xlivesex.com,09-dec-2021,1639008000.0,
3xlivesex.com,3xlivesex.com,09-dec-2021,1639008000.0,
3xstuff.com,3xstuff.com,14-nov-2021,1636848000.0,
3xstuff.com,3xstuff.com,14-nov-2021,1636848000.0,
4-links.net,4-links.net,07-feb-2021,1612656000.0,
4-links.net,4-links.net,07-feb-2021,1612656000.0,
403porn.com,403porn.com,09-nov-2021,1636416000.0,
403porn.com,403porn.com,09-nov-2021,1636416000.0,
404search.com,404search.com,15-jul-2021,1626307200.0,
404search.com,404search.com,15-jul-2021,1626307200.0,
4061.it,4061.it,11-mar-2021,1615420800.0,
4061.it,4061.it,11-mar-2021,1615420800.0,
40best.com,40best.com,16-aug-2021,1629072000.0,
40best.com,40best.com,16-aug-2021,1629072000.0,
40ch.com,40ch.com,04-aug-2021,1628035200.0,
40ch.com,40ch.com,04-aug-2021,1628035200.0,
4199.com,4199.com,10-may-2030,1904601600.0,
4199.com,4199.com,10-may-2030,1904601600.0,
427224.com,427224.com,03-feb-2021,1612310400.0,
427224.com,427224.com,03-feb-2021,1612310400.0,
43242.com,43242.com,11-may-2021,1620691200.0,
43242.com,43242.com,11-may-2021,1620691200.0,
4444mb.com,4444mb.com,24-jun-2021,1624492800.0,
4444mb.com,4444mb.com,24-jun-2021,1624492800.0,
452.us,452.us,29-oct-2021,1635465600.0,
452.us,452.us,29-oct-2021,1635465600.0,
45bytes.info,45bytes.info,17-jun-2021,1623888000.0,
45bytes.info,45bytes.info,17-jun-2021,1623888000.0,
45ka.com,45ka.com,12-may-2021,1620777600.0,
45ka.com,45ka.com,12-may-2021,1620777600.0,
47tu.com,47tu.com,19-mar-2021,1616112000.0,
47tu.com,47tu.com,19-mar-2021,1616112000.0,
4allfree.com,4allfree.com,30-sep-2021,1632960000.0,
4allfree.com,4allfree.com,30-sep-2021,1632960000.0,
4buy.net,4buy.net,14-feb-2021,1613260800.0,
4buy.net,4buy.net,14-feb-2021,1613260800.0,
4comtech.com,4comtech.com,02-apr-2021,1617321600.0,
4comtech.com,4comtech.com,02-apr-2021,1617321600.0,
4ds1.com,4ds1.com,01-sep-2021,1630454400.0,
4ds1.com,4ds1.com,01-sep-2021,1630454400.0,
4egos.com,4egos.com,10-mar-2021,1615334400.0,
4egos.com,4egos.com,10-mar-2021,1615334400.0,
4erdak.com,4erdak.com,08-apr-2021,1617840000.0,
4erdak.com,4erdak.com,08-apr-2021,1617840000.0,
4factors.com,4factors.com,05-jul-2021,1625443200.0,
4factors.com,4factors.com,05-jul-2021,1625443200.0,
4fk.net,4fk.net,17-may-2021,1621209600.0,
4fk.net,4fk.net,17-may-2021,1621209600.0,
4ine.com,4ine.com,22-may-2021,1621641600.0,
4ine.com,4ine.com,22-may-2021,1621641600.0,
4irc.com,4irc.com,01-jul-2021,1625097600.0,
4irc.com,4irc.com,01-jul-2021,1625097600.0,
4klm.com,4klm.com,03-jul-2021,1625270400.0,
4klm.com,4klm.com,03-jul-2021,1625270400.0,
4love.info,4love.info,22-jun-2021,1624320000.0,
4love.info,4love.info,22-jun-2021,1624320000.0,
4max.pl,4max.pl,30-jan-2021,1611964800.0,
4max.pl,4max.pl,30-jan-2021,1611964800.0,
4object.ws,4object.ws,26-sep-2022,1664150400.0,
4object.ws,4object.ws,26-sep-2022,1664150400.0,
4plus9.com,4plus9.com,25-apr-2021,1619308800.0,
4plus9.com,4plus9.com,25-apr-2021,1619308800.0,
4pokertips.com,4pokertips.com,03-nov-2021,1635897600.0,
4pokertips.com,4pokertips.com,03-nov-2021,1635897600.0,
4pu.com,4pu.com,08-jun-2021,1623110400.0,
4pu.com,4pu.com,08-jun-2021,1623110400.0,
4ri.com,4ri.com,06-may-2021,1620259200.0,
4ri.com,4ri.com,06-may-2021,1620259200.0,
4routing.com,4routing.com,29-jun-2021,1624924800.0,
4routing.com,4routing.com,29-jun-2021,1624924800.0,
4se.net,4se.net,18-dec-2021,1639785600.0,
4se.net,4se.net,18-dec-2021,1639785600.0,
4ssl.ws,4ssl.ws,19-sep-2022,1663545600.0,
4ssl.ws,4ssl.ws,19-sep-2022,1663545600.0,
4usd.com,4usd.com,30-sep-2021,1632960000.0,
4usd.com,4usd.com,30-sep-2021,1632960000.0,
4vcoin.com,4vcoin.com,16-apr-2021,1618531200.0,
4vcoin.com,4vcoin.com,16-apr-2021,1618531200.0,
4xx4.net,4xx4.net,20-mar-2021,1616198400.0,
4xx4.net,4xx4.net,20-mar-2021,1616198400.0,
50nb.com,50nb.com,12-may-2021,1620777600.0,
50nb.com,50nb.com,12-may-2021,1620777600.0,
50onred.com,50onred.com,01-jul-2021,1625097600.0,
50onred.com,50onred.com,01-jul-2021,1625097600.0,
50pic.com,50pic.com,25-oct-2021,1635120000.0,
50pic.com,50pic.com,25-oct-2021,1635120000.0,
50sbeachshack.com,50sbeachshack.com,21-jan-2021,1611187200.0,
50sbeachshack.com,50sbeachshack.com,21-jan-2021,1611187200.0,
50tt.com,50tt.com,15-may-2021,1621036800.0,
50tt.com,50tt.com,15-may-2021,1621036800.0,
50websads.com,50websads.com,05-may-2021,1620172800.0,
50websads.com,50websads.com,05-may-2021,1620172800.0,
51.la,51.la,17-jan-2023,1673913600.0,
51.la,51.la,17-jan-2023,1673913600.0,
512j.com,512j.com,29-jul-2021,1627516800.0,
512j.com,512j.com,29-jul-2021,1627516800.0,
51edm.net,51edm.net,03-apr-2021,1617408000.0,
51edm.net,51edm.net,03-apr-2021,1617408000.0,
51ps3.com,51ps3.com,09-sep-2021,1631145600.0,
51ps3.com,51ps3.com,09-sep-2021,1631145600.0,
51sf.com,51sf.com,31-mar-2021,1617148800.0,
51sf.com,51sf.com,31-mar-2021,1617148800.0,
521171.com,521171.com,29-jul-2021,1627516800.0,
521171.com,521171.com,29-jul-2021,1627516800.0,
533soft.com,533soft.com,15-jul-2021,1626307200.0,
533soft.com,533soft.com,15-jul-2021,1626307200.0,
54.pl,54.pl,09-jul-2021,1625788800.0,
54.pl,54.pl,09-jul-2021,1625788800.0,
5558x7.com,5558x7.com,25-sep-2021,1632528000.0,
5558x7.com,5558x7.com,25-sep-2021,1632528000.0,
55880.cn,55880.cn,30-nov-2021,1638230400.0,
55880.cn,55880.cn,30-nov-2021,1638230400.0,
59cn.cn,59cn.cn,09-apr-2021,1617926400.0,
59cn.cn,59cn.cn,09-apr-2021,1617926400.0,
5aspx.ws,5aspx.ws,19-sep-2022,1663545600.0,
5aspx.ws,5aspx.ws,19-sep-2022,1663545600.0,
5awards.com,5awards.com,15-may-2021,1621036800.0,
5awards.com,5awards.com,15-may-2021,1621036800.0,
5hk.net,5hk.net,04-sep-2021,1630713600.0,
5hk.net,5hk.net,04-sep-2021,1630713600.0,
5ok.org,5ok.org,27-oct-2021,1635292800.0,
5ok.org,5ok.org,27-oct-2021,1635292800.0,
5qzone.net,5qzone.net,09-oct-2021,1633737600.0,
5qzone.net,5qzone.net,09-oct-2021,1633737600.0,
5sec.info,5sec.info,23-may-2021,1621728000.0,
5sec.info,5sec.info,23-may-2021,1621728000.0,
61229.com,61229.com,22-jun-2025,1750550400.0,
61229.com,61229.com,22-jun-2025,1750550400.0,
62nds.com,62nds.com,06-may-2021,1620259200.0,
62nds.com,62nds.com,06-may-2021,1620259200.0,
64mb.org,64mb.org,19-may-2021,1621382400.0,
64mb.org,64mb.org,19-may-2021,1621382400.0,
007sites.com,007sites.com,08-jan-2022,1641600000.0,
007sites.com,007sites.com,08-jan-2022,1641600000.0,
00hq.com,00hq.com,28-dec-2021,1640649600.0,
00hq.com,00hq.com,28-dec-2021,1640649600.0,
0244.org,0244.org,28-dec-2021,1640649600.0,
0244.org,0244.org,28-dec-2021,1640649600.0,
0-29.com,0-29.com,25-dec-2021,1640390400.0,
0-29.com,0-29.com,25-dec-2021,1640390400.0,
032439.com,032439.com,28-dec-2021,1640649600.0,
032439.com,032439.com,28-dec-2021,1640649600.0,
0ci.ru,0ci.ru,05-jan-2022,1641340800.0,
0ci.ru,0ci.ru,05-jan-2022,1641340800.0,
0cj.net,0cj.net,08-jan-2022,1641600000.0,
0cj.net,0cj.net,08-jan-2022,1641600000.0,
0hide.com,0hide.com,10-jan-2022,1641772800.0,
0hide.com,0hide.com,10-jan-2022,1641772800.0,
0ki.ru,0ki.ru,30-dec-2021,1640822400.0,
0ki.ru,0ki.ru,30-dec-2021,1640822400.0,
0on.org,0on.org,24-dec-2021,1640304000.0,
0on.org,0on.org,24-dec-2021,1640304000.0,
0surf.info,0surf.info,10-jan-2022,1641772800.0,
0surf.info,0surf.info,10-jan-2022,1641772800.0,
1664.org,1664.org,11-jan-2022,1641859200.0,
1664.org,1664.org,11-jan-2022,1641859200.0,
171dl.com,171dl.com,15-mar-2022,1647302400.0,
171dl.com,171dl.com,15-mar-2022,1647302400.0,
18ftp.com,18ftp.com,30-mar-2021,1617062400.0,
18ftp.com,18ftp.com,30-mar-2021,1617062400.0,
18post.com,18post.com,03-jan-2022,1641168000.0,
18post.com,18post.com,03-jan-2022,1641168000.0,
1clickpcfix.com,1clickpcfix.com,31-dec-2021,1640908800.0,
1clickpcfix.com,1clickpcfix.com,31-dec-2021,1640908800.0,
1hour.info,1hour.info,06-jan-2022,1641427200.0,
1hour.info,1hour.info,06-jan-2022,1641427200.0,
1speed.info,1speed.info,27-dec-2021,1640563200.0,
1speed.info,1speed.info,27-dec-2021,1640563200.0,
247mahjong.com,247mahjong.com,30-dec-2022,1672358400.0,"GoDaddy.com, LLC"
247mahjongsolitaire.com,247mahjongsolitaire.com,30-dec-2022,1672358400.0,"GoDaddy.com, LLC"
24teen.com,24teen.com,15-mar-2022,1647302400.0,PDR Ltd. d/b/a PublicDomainRegistry.com
295.ca,295.ca,31-dec-2022,1672444800.0,Rebel.ca Corp.
345.biz,345.biz,13-jan-2023,1673568000.0,1API GmbH
3sixty5.net,3sixty5.net,10-jan-2023,1673308800.0,"GoDaddy.com, LLC"
50starscasino.com,50starscasino.com,04-jan-2023,1672790400.0,Nom-iq Ltd. dba COM LAUDE
554.us,554.us,27-dec-2022,1672099200.0,Dynadot LLC
5l0.net,5l0.net,05-jan-2023,1672876800.0,"GoDaddy.com, LLC"
